SALE TYPE,SOLD DATE,PROPERTY TYPE,ADDRESS,CITY,STATE OR PROVINCE,ZIP OR POSTAL CODE,PRICE,BEDS,BATHS,LOCATION,SQUARE FEET,LOT SIZE,YEAR BUILT,DAYS ON MARKET,$/SQUARE FEET,HOA/MONTH,STATUS,NEXT OPEN HOUSE START TIME,NEXT OPEN HOUSE END TIME,URL (SEE https://www.redfin.com/buy-a-home/comparative-market-analysis FOR INFO ON PRICING),SOURCE,MLS#,FAVORITE,INTERESTED,LATITUDE,LONGITUDE
"In accordance with local MLS rules, some MLS listings are not included in the download"
MLS Listing,,Single Family Residential,21602 N 36th St,Phoenix,AZ,85050,1175000,5,4.5,DESERT RIDGE SUPERBLOCK 11 PARCEL 5,3489,7055,2013,4,337,205,Active,,,https://www.redfin.com/AZ/Phoenix/21602-N-36th-St-85050/home/27208720,ARMLS,6855826,N,Y,33.6824138,-112.0044617
MLS Listing,,Single Family Residential,7131 N 40th St,Paradise Valley,AZ,85253,3090000,2,4.0,"CLEARWATER HILLS 2 LOTS 197-198, 201-206",4571,62611,1970,5,676,,Active,,,https://www.redfin.com/AZ/Paradise-Valley/7131-N-40th-St-85253/home/27132178,ARMLS,6856303,N,Y,33.5417319,-111.9942915
MLS Listing,,Single Family Residential,2335 E Allen St,Phoenix,AZ,85042,999999,5,3.5,MANDALAY AT SOUTH MOUNTAIN PHASE 2,3892,12128,2006,5,257,240,Active,May-4-2025 10:00 AM,May-4-2025 01:00 PM,https://www.redfin.com/AZ/Phoenix/2335-E-Allen-St-85042/home/27354623,ARMLS,6849964,N,Y,33.36808,-112.0319579
MLS Listing,,Single Family Residential,1330 E Monte Way,Phoenix,AZ,85042,985000,4,3.5,VISTAL PHASE 1 RESIDENTIAL COMMUNITY,3520,10618,2020,6,280,190,Active,,,https://www.redfin.com/AZ/Phoenix/1330-E-Monte-Way-85042/home/147722744,ARMLS,6855995,N,Y,33.3607887,-112.0555242
MLS Listing,,Condo/Co-op,3825 E Camelback Rd #234,Phoenix,AZ,85018,349000,2,2.0,ARCADIA RESIDENCES CONDOMINIUM,1184,1159,1980,11,295,456,Active,,,https://www.redfin.com/AZ/Phoenix/3825-E-Camelback-Rd-85018/unit-234/home/27602064,ARMLS,6852453,N,Y,33.5094525,-111.9980348
MLS Listing,,Single Family Residential,4542 N 28th Dr,Phoenix,AZ,85017,365000,3,2.0,NORTHWEST VILLAGE 1,1960,7082,1953,11,186,,Active,,,https://www.redfin.com/AZ/Phoenix/4542-N-28th-Dr-85017/home/27209346,ARMLS,6853739,N,Y,33.5041277,-112.120636
MLS Listing,,Single Family Residential,16235 S 39th Pl,Phoenix,AZ,85048,575000,3,2.0,LAKEWOOD PARCEL 6 REPLAT,1832,8568,1988,12,314,36,Active,,,https://www.redfin.com/AZ/Phoenix/16235-S-39th-Pl-85048/home/27008515,ARMLS,6851949,N,Y,33.2982684,-111.9975766
MLS Listing,,Single Family Residential,43 E Desert Hills Dr,Phoenix,AZ,85086,995000,4,3.0,Desert Hills Custom,3058,43569,2004,12,325,,Active,,,https://www.redfin.com/AZ/Phoenix/43-E-Desert-Hills-Dr-85086/home/28235453,ARMLS,6853262,N,Y,33.8421776,-112.0721973
MLS Listing,,Single Family Residential,15615 N 47th St,Phoenix,AZ,85032,675000,4,3.0,ALCANTARA VILLAS REPLAT,2322,3468,2014,12,291,130,Active,,,https://www.redfin.com/AZ/Phoenix/15615-N-47th-St-85032/home/62192203,ARMLS,6850101,N,Y,33.628512,-111.9798292
MLS Listing,,Single Family Residential,6032 E Thunder Hawk Rd,Cave Creek,AZ,85331,1975000,4,3.5,LONE MOUNTAIN,4105,18222,2017,12,481,136,Active,,,https://www.redfin.com/AZ/Cave-Creek/6032-E-Thunder-Hawk-Rd-85331/home/27368236,ARMLS,6852371,N,Y,33.7790841,-111.9507738
MLS Listing,,Mobile/Manufactured Home,1542 E Galvin St,Phoenix,AZ,85086,424900,3,2.0,-,1466,43516,1983,12,290,,Active,,,https://www.redfin.com/AZ/Phoenix/1542-E-Galvin-St-85086/home/27520041,ARMLS,6852916,N,Y,33.8068995,-112.0484288
MLS Listing,,Single Family Residential,3419 W Via Montoya Dr,Phoenix,AZ,85027,530000,3,2.5,TERRACINA,2346,6510,1998,15,226,33,Active,,,https://www.redfin.com/AZ/Phoenix/3419-W-Via-Montoya-Dr-85027/home/26962454,ARMLS,6851300,N,Y,33.6872798,-112.1319216
MLS Listing,,Single Family Residential,9623 S 38th Ln,Laveen,AZ,85339,619900,4,3.0,DOBBINS VILLAGE AMD,2646,7212,2023,18,234,118,Active,,,https://www.redfin.com/AZ/Laveen/9623-S-38th-Ln-85339/home/185605951,ARMLS,6846627,N,Y,33.358678,-112.1419575
MLS Listing,,Single Family Residential,917 E LA Mirada Dr,Phoenix,AZ,85042,674000,3,3.0,VISTAL PHASE 1 RESIDENTIAL COMMUNITY,2261,5750,2019,18,298,190,Active,,,https://www.redfin.com/AZ/Phoenix/917-E-La-Mirada-Dr-85042/home/147722797,ARMLS,6829759,N,Y,33.3614859,-112.0622151
MLS Listing,,Single Family Residential,6325 E Helm Dr,Scottsdale,AZ,85254,905000,3,2.0,PARKWOOD VILLAGE,1968,8720,1991,18,460,,Active,,,https://www.redfin.com/AZ/Scottsdale/6325-E-Helm-Dr-85254/home/27509487,ARMLS,6849176,N,Y,33.6206313,-111.9435823
MLS Listing,,Condo/Co-op,5100 E Rancho Paloma Dr #2078,Cave Creek,AZ,85331,499900,2,2.0,RANCHO NORTH CONDOS,1420,1363,2022,19,352,309,Active,,,https://www.redfin.com/AZ/Cave-Creek/5100-E-Rancho-Paloma-Dr-85331/unit-2078/home/167615961,ARMLS,6848701,N,Y,33.7825771,-111.9710252
MLS Listing,,Single Family Residential,2417 W Sunland Ave,Phoenix,AZ,85041,520000,4,2.0,LIBERTY 1B,2821,6600,2023,19,184,103,Active,,,https://www.redfin.com/AZ/Phoenix/2417-W-Sunland-Ave-85041/home/179279444,ARMLS,6849197,N,Y,33.395601,-112.110295
MLS Listing,,Single Family Residential,523 E Pasaro Dr,Phoenix,AZ,85085,699000,3,2.0,GATEWAY AT SONORAN PRESERVE,1758,6897,2018,24,398,139,Active,,,https://www.redfin.com/AZ/Phoenix/523-E-Pasaro-Dr-85085/home/147715020,ARMLS,6847152,N,Y,33.7672509,-112.066999
MLS Listing,,Single Family Residential,11827 S Montezuma Ct,Phoenix,AZ,85044,2299000,6,6.0,AHWATUKEE CUSTOM ESTATES 2,7217,26942,1988,25,319,40,Active,,,https://www.redfin.com/AZ/Phoenix/11827-S-Montezuma-Ct-85044/home/28096066,ARMLS,6844968,N,Y,33.3384773,-112.0130868
MLS Listing,,Single Family Residential,4125 W Lydia Ln,Phoenix,AZ,85041,515000,4,3.0,VINEYARD COMMONS,3682,6050,2005,25,140,86,Active,,,https://www.redfin.com/AZ/Phoenix/4125-W-Lydia-Ln-85041/home/26907931,ARMLS,6844638,N,Y,33.3869869,-112.1477755
MLS Listing,,Single Family Residential,4138 W Barbara Ave,Phoenix,AZ,85051,419000,3,2.0,MANZANITA MANOR,1752,7806,1975,28,239,,Active,,,https://www.redfin.com/AZ/Phoenix/4138-W-Barbara-Ave-85051/home/27207104,ARMLS,6844075,N,Y,33.5637758,-112.1489768
MLS Listing,,Condo/Co-op,1326 N Central Ave #203,Phoenix,AZ,85004,450000,2,2.0,ARTISAN LOFTS ON CENTRAL PHASE 1 CONDOMINIUM,1557,839,2004,28,289,730,Active,,,https://www.redfin.com/AZ/Phoenix/1326-N-Central-Ave-85004/unit-203/home/27521260,ARMLS,6843996,N,Y,33.4632407,-112.0745109
MLS Listing,,Condo/Co-op,5450 E Deer Valley Dr #3023,Phoenix,AZ,85054,475000,2,2.0,TOSCANA VACATION SUITES CONDOMINIUM,1468,782,2008,29,324,602,Active,,,https://www.redfin.com/AZ/Phoenix/5450-E-Deer-Valley-Dr-85054/unit-3023/home/28597166,ARMLS,6843659,N,Y,33.6783173,-111.96168
MLS Listing,,Single Family Residential,1513 W Mitchell Dr,Phoenix,AZ,85015,615000,3,2.0,WESTWOOD TERRACE,1933,6268,1951,35,318,,Active,,,https://www.redfin.com/AZ/Phoenix/1513-W-Mitchell-Dr-85015/home/28006597,ARMLS,6839888,N,Y,33.488427,-112.0920143
MLS Listing,,Single Family Residential,6618 S 54th Ln,Laveen,AZ,85339,560000,5,3.0,LAVEEN CROSSING UNIT 2,4040,8589,2006,39,139,84,Active,,,https://www.redfin.com/AZ/Laveen/6618-S-54th-Ln-85339/home/28189016,ARMLS,6837831,N,Y,33.3860953,-112.1765641
MLS Listing,,Single Family Residential,7809 S 43rd Pl,Phoenix,AZ,85042,930000,4,3.5,LEGACY MOUNTAIN VILLAS,3061,8800,2018,40,304,125,Active,May-3-2025 12:00 PM,May-3-2025 03:00 PM,https://www.redfin.com/AZ/Phoenix/7809-S-43rd-Pl-85042/home/147723128,ARMLS,6838165,N,Y,33.3764112,-111.9901251
MLS Listing,,Condo/Co-op,1702 W Tuckey Ln #124,Phoenix,AZ,85015,187500,2,1.0,Olive 66 Condominiums,863,864,1985,47,217,365,Active,,,https://www.redfin.com/AZ/Phoenix/1702-W-Tuckey-Ln-85015/unit-124/home/28336080,ARMLS,6835013,N,Y,33.534834,-112.0966804
MLS Listing,,Condo/Co-op,8231 N 21st Dr Unit E101,Phoenix,AZ,85021,289900,2,2.0,EL CARO VILLAS CONDOMINIUM AMD,1653,1919,1983,63,175,354,Active,,,https://www.redfin.com/AZ/Phoenix/8231-N-21st-Dr-85021/unit-E101/home/194843365,ARMLS,6825970,N,Y,33.5570136,-112.1047402
MLS Listing,,Single Family Residential,3025 W Night Owl Ln,Phoenix,AZ,85085,699000,3,2.5,STONELEDGE AT NORTH CANYON,2582,8418,2017,74,271,102,Active,,,https://www.redfin.com/AZ/Phoenix/3025-W-Night-Owl-Ln-85085/home/95460837,ARMLS,6820929,N,Y,33.7952901,-112.124763
MLS Listing,,Single Family Residential,1640 W Charleston Ave,Phoenix,AZ,85023,399900,3,2.0,DESERT VALLEY ESTATES UNIT TWO,1566,8434,1973,74,255,,Active,,,https://www.redfin.com/AZ/Phoenix/1640-W-Charleston-Ave-85023/home/27936696,ARMLS,6820738,N,Y,33.6490898,-112.095277
MLS Listing,,Single Family Residential,2218 N Dayton St,Phoenix,AZ,85006,635000,3,2.0,PHOENICIA,1390,6650,1925,75,457,,Active,,,https://www.redfin.com/AZ/Phoenix/2218-N-Dayton-St-85006/home/28401165,ARMLS,6818393,N,Y,33.4719045,-112.059863
MLS Listing,,Single Family Residential,36923 N 31st Ave,Phoenix,AZ,85086,1250000,4,3.0,N2 NW4 NW4 SE4 SEC 35 EX E 310F TH/OF,3952,115521,2000,82,316,,Active,,,https://www.redfin.com/AZ/Phoenix/36923-N-31st-Ave-85086/home/27440080,ARMLS,6816781,N,Y,33.8200651,-112.1257333
MLS Listing,,Condo/Co-op,2929 W Yorkshire Dr #1118,Phoenix,AZ,85027,210000,1,1.0,SPRINGS AT YORKSHIRE CONDOMINIUM,616,644,1999,83,341,360,Active,,,https://www.redfin.com/AZ/Phoenix/2929-W-Yorkshire-Dr-85027/unit-1118/home/27325178,ARMLS,6815725,N,Y,33.6625209,-112.1214283
MLS Listing,,Townhouse,4334 N 19th Dr,Phoenix,AZ,85015,316000,3,1.5,TURNEY GARDENS,1171,3054,1973,85,270,7,Active,,,https://www.redfin.com/AZ/Phoenix/4334-N-19th-Dr-85015/home/27459033,ARMLS,6814719,N,Y,33.4998279,-112.1012211
MLS Listing,,Single Family Residential,9607 N 41st Dr,Phoenix,AZ,85051,425000,3,2.0,NEWCASTLE VILLAGE UNIT 2,1759,8259,1969,98,242,,Active,,,https://www.redfin.com/AZ/Phoenix/9607-N-41st-Dr-85051/home/27994228,ARMLS,6808335,N,Y,33.5732728,-112.1480324
MLS Listing,,Condo/Co-op,5250 E Deer Valley Dr #450,Phoenix,AZ,85054,1450000,2,2.5,TOSCANA AT DESERT RIDGE CONDOMINIUM 5TH AMD,2014,2028,2023,102,720,977,Active,,,https://www.redfin.com/AZ/Phoenix/5250-E-Deer-Valley-Dr-85054/unit-450/home/167624799,ARMLS,6806862,N,Y,33.6782915,-111.9650539
MLS Listing,,Condo/Co-op,6125 E Indian School Rd #180,Scottsdale,AZ,85251,230000,1,1.0,SCOTTSDALE CONDOMINIUMS AMD,519,547,1962,103,443,370,Active,,,https://www.redfin.com/AZ/Scottsdale/6125-E-Indian-School-Rd-85251/unit-180/home/27908815,ARMLS,6805944,N,Y,33.488702,-111.948601
MLS Listing,,Townhouse,2121 W Tallgrass Trl #126,Phoenix,AZ,85085,369900,2,2.0,FIRESIDE AT NORTERRA STACKED FLAT CONDOMINIUMS,1263,1260,2007,107,293,324,Active,,,https://www.redfin.com/AZ/Phoenix/2121-W-Tallgrass-Trl-85085/unit-126/home/27699738,ARMLS,6793937,N,Y,33.7494969,-112.1051558
MLS Listing,,Condo/Co-op,11640 N Tatum Blvd #2079,Phoenix,AZ,85028,455000,2,2.0,ADERRA CONDOMINIUMS,1234,1158,2007,111,369,405,Active,,,https://www.redfin.com/AZ/Phoenix/11640-N-Tatum-Blvd-85028/unit-2079/home/27409604,ARMLS,6801588,N,Y,33.5934391,-111.980879
MLS Listing,,Condo/Co-op,3600 N 5th Ave #304,Phoenix,AZ,85013,459900,4,3.0,PIERRE ON 5TH AVENUE CONDOMINIUM AMD,1889,1914,1961,124,243,447,Active,,,https://www.redfin.com/AZ/Phoenix/3600-N-5th-Ave-85013/unit-304/home/28420112,ARMLS,6797486,N,Y,33.4893981,-112.0806587
MLS Listing,,Condo/Co-op,2228 N 52nd St #240,Phoenix,AZ,85008,250000,2,2.0,PAPAGO RIDGE CONDOMINIUM,890,891,1986,145,281,254,Active,,,https://www.redfin.com/AZ/Phoenix/2228-N-52nd-St-85008/unit-240/home/27320658,ARMLS,6790028,N,Y,33.471878,-111.970669
MLS Listing,,Single Family Residential,4311 E Roma Ave,Phoenix,AZ,85018,914900,4,2.0,DATELAND HOMES LOTS 1-88,1622,6238,1953,154,564,,Active,,,https://www.redfin.com/AZ/Phoenix/4311-E-Roma-Ave-85018/home/28403256,ARMLS,6788660,N,Y,33.5005864,-111.9883823
MLS Listing,,Single Family Residential,7704 S 23rd Ln,Phoenix,AZ,85041,529999,4,2.5,SILVA MOUNTAIN UNIT 1,2522,10912,2013,179,210,93,Active,,,https://www.redfin.com/AZ/Phoenix/7704-S-23rd-Ln-85041/home/28420808,ARMLS,6777624,N,Y,33.3772652,-112.1097155
MLS Listing,,Townhouse,6021 N 31st Ave,Phoenix,AZ,85017,250000,3,2.0,VILLA CHARME 2,1298,2919,1971,1,193,220,Active,,,https://www.redfin.com/AZ/Phoenix/6021-N-31st-Ave-85017/home/27059323,ARMLS,6854866,N,Y,33.5248639,-112.1245293
MLS Listing,,Single Family Residential,937 W Cocopah St,Phoenix,AZ,85007,360000,3,2.0,RIVERA TRACT,1352,5126,1971,1,266,,Active,,,https://www.redfin.com/AZ/Phoenix/937-W-Cocopah-St-85007/home/27404931,ARMLS,6857890,N,Y,33.4319407,-112.0861778
MLS Listing,,Single Family Residential,2821 E Pontiac Dr,Phoenix,AZ,85050,540000,3,2.75,AUTUMN HILLS WEST,2096,6448,1994,1,258,,Active,,,https://www.redfin.com/AZ/Phoenix/2821-E-Pontiac-Dr-85050/home/27507075,ARMLS,6854968,N,Y,33.6699213,-112.0222763
MLS Listing,,Single Family Residential,3531 E Onyx Ave,Phoenix,AZ,85028,1395000,4,3.0,Phoenix,2393,11784,1960,1,583,,Active,,,https://www.redfin.com/AZ/Phoenix/3531-E-Onyx-Ave-85028/home/27215977,NAZMLS,200466,N,Y,33.5774867,-112.0059087
MLS Listing,,Single Family Residential,1720 E Thunderbird Rd #2087,Phoenix,AZ,85022,195000,1,1.0,CLIFFS AT NORTH MOUNTAIN CONDOMINIUM,581,572,1987,1,336,224,Active,,,https://www.redfin.com/AZ/Phoenix/1720-E-Thunderbird-Rd-85022/unit-2087/home/27764274,ARMLS,6858466,N,Y,33.600022,-112.0448526
MLS Listing,,Townhouse,4714 E Pueblo Ave,Phoenix,AZ,85040,180000,2,1.0,HALLCRAFT VILLAS EAST CONDOMINIUM,924,1046,1972,1,195,180,Active,,,https://www.redfin.com/AZ/Phoenix/4714-E-Pueblo-Ave-85040/home/27858611,ARMLS,6858462,N,Y,33.408186,-111.979616
MLS Listing,,Townhouse,4107 E Bloomfield Rd,Phoenix,AZ,85032,455000,2,2.0,LAS HACIENDAS DE PARADISE VILLAGE,1257,2663,1980,1,362,315,Active,,,https://www.redfin.com/AZ/Phoenix/4107-E-Bloomfield-Rd-85032/home/27688774,ARMLS,6858458,N,Y,33.5996718,-111.9935021
MLS Listing,,Single Family Residential,55 E Pierson St,Phoenix,AZ,85012,1250000,3,1.5,ST FRANCIS PLACE,2300,19971,1939,1,543,,Active,,,https://www.redfin.com/AZ/Phoenix/55-E-Pierson-St-85012/home/27744213,ARMLS,6858438,N,Y,33.5067353,-112.0711575
MLS Listing,,Single Family Residential,1634 W Red Bird Rd,Phoenix,AZ,85085,829000,5,4.0,DYNAMITE MOUNTAIN RANCH PCD PHASE 2 SECTION 31 PAR,2909,6819,2011,1,285,165,Active,,,https://www.redfin.com/AZ/Phoenix/1634-W-Red-Bird-Rd-85085/home/28593509,ARMLS,6858425,N,Y,33.7293022,-112.0942371
MLS Listing,,Single Family Residential,8110 N 18th Pl,Phoenix,AZ,85020,965000,4,3.0,NORTHERN FOOTHILLS LOTS 1 THRU 78,2726,9868,1979,1,354,,Active,,,https://www.redfin.com/AZ/Phoenix/8110-N-18th-Pl-85020/home/28076343,ARMLS,6857982,N,Y,33.5546645,-112.042535
MLS Listing,,Single Family Residential,2913 E Earll Dr,Phoenix,AZ,85016,529000,4,2.0,EASTWOOD PARK,1423,7161,1950,1,372,,Active,,,https://www.redfin.com/AZ/Phoenix/2913-E-Earll-Dr-85016/home/27723560,ARMLS,6858407,N,Y,33.4838723,-112.0187917
MLS Listing,,Single Family Residential,4915 N Ascent Dr,Scottsdale,AZ,85251,6546089,4,4.5,PHOENICIAN,4600,7700,2026,1,1423,472,Active,,,https://www.redfin.com/AZ/Scottsdale/4915-N-Ascent-Dr-85251/home/188088182,ARMLS,6858331,N,Y,33.507928,-111.946024
MLS Listing,,Condo/Co-op,10610 S 48th St #1074,Phoenix,AZ,85044,259000,2,2.0,DESERT FOOTHILLS VILLAS,960,916,1986,1,270,272,Active,,,https://www.redfin.com/AZ/Phoenix/10610-S-48th-St-85044/unit-1074/home/191311066,ARMLS,6858310,N,Y,33.3510482,-111.9813252
MLS Listing,,Single Family Residential,3538 W Sierra Vista Dr,Phoenix,AZ,85019,439900,3,2.0,WEST PLAZA 9 LOT 1249-1410,1416,6673,1959,1,311,,Active,,,https://www.redfin.com/AZ/Phoenix/3538-W-Sierra-Vista-Dr-85019/home/27897434,ARMLS,6858304,N,Y,33.5321548,-112.136073
MLS Listing,,Single Family Residential,1941 E Hazelwood St,Phoenix,AZ,85016,595000,3,2.0,HIGHLAND ESTATES,1753,7684,1958,1,339,,Active,,,https://www.redfin.com/AZ/Phoenix/1941-E-Hazelwood-St-85016/home/27215332,ARMLS,6858291,N,Y,33.5040158,-112.0392627
MLS Listing,,Single Family Residential,4209 N 48th Ave,Phoenix,AZ,85031,354900,3,2.0,MARYVALE TERRACE LOTS 1-180,1140,6438,1954,1,311,,Active,,,https://www.redfin.com/AZ/Phoenix/4209-N-48th-Ave-85031/home/27696653,ARMLS,6858286,N,Y,33.4970587,-112.1619134
MLS Listing,,Multi-Family (2-4 Unit),9450 N 17th Ave,Phoenix,AZ,85021,532323,,,IDLE EASE,,,1964,1,,,Active,,,https://www.redfin.com/AZ/Phoenix/9450-N-17th-Ave-85021/home/28236650,ARMLS,6858278,N,Y,33.5729631,-112.0957182
MLS Listing,,Mobile/Manufactured Home,1802 E Campo Bello Dr #29,Phoenix,AZ,85022,90000,3,2.0,Shadow Hills,1232,,2006,1,73,,Active,,,https://www.redfin.com/AZ/Phoenix/1802-E-Campo-Bello-Dr-85022/unit-29/home/195547174,ARMLS,6858280,N,Y,33.6464742,-112.0419643
MLS Listing,,Condo/Co-op,2121 W Royal Palm Rd #2049,Phoenix,AZ,85021,155000,1,1.0,ROYAL PALM VILLAGE CONDOMINIUMS,632,741,1980,1,245,188,Active,,,https://www.redfin.com/AZ/Phoenix/2121-W-Royal-Palm-Rd-85021/unit-2049/home/28201771,ARMLS,6858273,N,Y,33.5548628,-112.1057986
MLS Listing,,Single Family Residential,1450 E Topeka Dr,Phoenix,AZ,85024,404900,3,2.0,COUNTRY HILLS 2 LOT 201-362 TR A,1136,5808,1986,1,356,,Active,,,https://www.redfin.com/AZ/Phoenix/1450-E-Topeka-Dr-85024/home/27632970,ARMLS,6858264,N,Y,33.6599998,-112.0503292
MLS Listing,,Single Family Residential,7936 S 7th Way,Phoenix,AZ,85042,504999,3,2.0,VILLAGES AT VERONA,1734,6095,2016,1,291,202,Active,,,https://www.redfin.com/AZ/Phoenix/7936-S-7th-Way-85042/home/63534883,ARMLS,6858252,N,Y,33.3744444,-112.0655602
MLS Listing,,Single Family Residential,3831 E Highland Ave,Phoenix,AZ,85018,1499000,3,2.0,HIGHLANDVIEW,1816,12402,1955,1,825,,Active,,,https://www.redfin.com/AZ/Phoenix/3831-E-Highland-Ave-85018/home/27219389,ARMLS,6858244,N,Y,33.5064654,-111.9983075
MLS Listing,,Single Family Residential,5038 N 20th Ave,Phoenix,AZ,85015,415000,4,2.0,Chesterfield,1365,7018,1953,1,304,,Active,,,https://www.redfin.com/AZ/Phoenix/5038-N-20th-Ave-85015/home/28231764,ARMLS,6858232,N,Y,33.5108576,-112.102653
MLS Listing,,Single Family Residential,5607 N 23rd Ave,Phoenix,AZ,85015,389000,3,2.0,BETHANY VILLA 1,1500,8943,1952,1,259,,Active,,,https://www.redfin.com/AZ/Phoenix/5607-N-23rd-Ave-85015/home/26953084,ARMLS,6858222,N,Y,33.5190545,-112.1080801
MLS Listing,,Single Family Residential,2302 E Sheraton Ln,Phoenix,AZ,85040,340000,4,1.75,Sheraton Park Unit 2,1196,6011,1971,1,284,,Active,,,https://www.redfin.com/AZ/Phoenix/2302-E-Sheraton-Ln-85040/home/27418108,ARMLS,6858206,N,Y,33.4013529,-112.0320851
MLS Listing,,Townhouse,4343 N 21st St #213,Phoenix,AZ,85016,441500,3,2.0,BILTMORE PALMS CONDOMINIUM,1296,758,1998,1,341,390,Active,,,https://www.redfin.com/AZ/Phoenix/4343-N-21st-St-85016/unit-213/home/28397019,ARMLS,6858204,N,Y,33.5000212,-112.0359816
MLS Listing,,Mobile/Manufactured Home,19401 N 7th St #35,Phoenix,AZ,85024,50000,2,1.0,Bonaventure,768,,1972,1,65,,Active,,,https://www.redfin.com/AZ/Phoenix/19401-N-7th-St-85024/unit-35/home/195545864,ARMLS,6858203,N,Y,33.6597819,-112.0625284
MLS Listing,,Single Family Residential,3311 E Harvard St,Phoenix,AZ,85008,390000,3,2.0,DALTON PARK 2 LOTS 37-66,962,7414,1950,1,405,,Active,,,https://www.redfin.com/AZ/Phoenix/3311-E-Harvard-St-85008/home/27557269,ARMLS,6858198,N,Y,33.4738034,-112.0101802
MLS Listing,,Single Family Residential,7252 N Central Ave,Phoenix,AZ,85020,1750000,4,3.0,ORANGEWOOD LOT 20 BLOCK 5,2641,25419,1897,1,663,,Active,,,https://www.redfin.com/AZ/Phoenix/7252-N-Central-Ave-85020/home/28387407,ARMLS,6858194,N,Y,33.5435698,-112.0742534
MLS Listing,,Single Family Residential,2602 E Jones Ave,Phoenix,AZ,85040,225000,2,1.0,SOUTHSIDE HOMESITES,864,5998,1963,1,260,,Active,,,https://www.redfin.com/AZ/Phoenix/2602-E-Jones-Ave-85040/home/27515153,ARMLS,6858162,N,Y,33.4107521,-112.0255719
MLS Listing,,Mobile/Manufactured Home,8221 S 9th St,Phoenix,AZ,85042,270000,2,1.5,,781,6160,1980,1,346,,Active,,,https://www.redfin.com/AZ/Phoenix/8221-S-9th-St-85042/home/167694474,ARMLS,6858160,N,Y,33.3713491,-112.0614618
MLS Listing,,Single Family Residential,4640 E Glenrosa Ave,Phoenix,AZ,85018,2300000,4,4.5,"JEFFERY LEIGH LOTS 1-20, 26-64",3640,5942,2025,1,632,,Active,May-3-2025 11:00 AM,May-3-2025 03:00 PM,https://www.redfin.com/AZ/Phoenix/4640-E-Glenrosa-Ave-85018/home/28215328,ARMLS,6830853,N,Y,33.4976222,-111.9811387
MLS Listing,,Single Family Residential,302 E Acapulco Ln,Phoenix,AZ,85022,824900,4,2.0,SUNSET NORTH UNIT 6,2478,10093,1974,1,333,,Active,,,https://www.redfin.com/AZ/Phoenix/302-E-Acapulco-Ln-85022/home/27640932,ARMLS,6858157,N,Y,33.6244267,-112.0695261
MLS Listing,,Single Family Residential,3946 W Monte Vista Rd,Phoenix,AZ,85009,285000,3,1.0,DEL MONTE VILLAGE 5,842,6085,1956,1,338,,Active,,,https://www.redfin.com/AZ/Phoenix/3946-W-Monte-Vista-Rd-85009/home/27825352,ARMLS,6858147,N,Y,33.4719212,-112.1449492
MLS Listing,,Single Family Residential,2021 W Clarendon Ave,Phoenix,AZ,85015,550000,4,2.0,WESTWOOD ESTATES PLAT 3,1710,8059,1950,1,322,,Active,May-3-2025 12:00 PM,May-3-2025 03:00 PM,https://www.redfin.com/AZ/Phoenix/2021-W-Clarendon-Ave-85015/home/27409539,ARMLS,6858145,N,Y,33.4911344,-112.1030451
MLS Listing,,Single Family Residential,717 E State Ave,Phoenix,AZ,85020,609900,3,2.0,Northwood Homes,1588,7484,1952,1,384,,Active,,,https://www.redfin.com/AZ/Phoenix/717-E-State-Ave-85020/home/26973751,ARMLS,6858131,N,Y,33.5439375,-112.0642071
MLS Listing,,Multi-Family (2-4 Unit),6225 N 10th Pl,Phoenix,AZ,85014,750000,,,BEVERLY GLEN,,13493,1959,1,,,Active,,,https://www.redfin.com/AZ/Phoenix/6225-N-10th-Pl-85014/home/27737810,ARMLS,6858134,N,Y,33.5283958,-112.0586521
MLS Listing,,Single Family Residential,3948 E Monterosa St,Phoenix,AZ,85018,680000,0,,RANCHO DEL MONTE UNIT 3,1080,9021,1953,1,630,,Active,,,https://www.redfin.com/AZ/Phoenix/3948-E-Monterosa-St-85018/home/27535975,ARMLS,6858102,N,Y,33.4963823,-111.9957367
MLS Listing,,Single Family Residential,4750 N 50th Ave,Phoenix,AZ,85031,399900,4,2.0,MARYVALE TERRACE,1750,6761,1956,1,229,,Active,,,https://www.redfin.com/AZ/Phoenix/4750-N-50th-Ave-85031/home/28171584,ARMLS,6858093,N,Y,33.5071814,-112.1672898
MLS Listing,,Single Family Residential,735 E Desert Ln,Phoenix,AZ,85042,389900,4,3.0,ALTO DESIERTO,1624,16596,1985,1,240,,Active,,,https://www.redfin.com/AZ/Phoenix/735-E-Desert-Ln-85042/home/27244206,ARMLS,6858075,N,Y,33.3715776,-112.0643609
MLS Listing,,Single Family Residential,103 W Tanya Rd,Phoenix,AZ,85086,1100000,4,3.5,metes and bounds,2650,55034,2008,1,415,,Active,,,https://www.redfin.com/AZ/Phoenix/103-W-Tanya-Rd-85086/home/27774673,ARMLS,6858068,N,Y,33.8387563,-112.0754543
MLS Listing,,Single Family Residential,4245 E Yawepe St,Phoenix,AZ,85044,550000,3,2.0,AHWATUKEE RS-6,1986,7710,1979,1,277,86,Active,,,https://www.redfin.com/AZ/Phoenix/4245-E-Yawepe-St-85044/home/27255327,ARMLS,6858051,N,Y,33.3438194,-111.9918972
MLS Listing,,Single Family Residential,4626 E Villa Rita Dr,Phoenix,AZ,85032,547000,3,2.0,TATUM HEIGHTS LOT 1-53 TR A,1863,5243,1992,1,294,41,Active,,,https://www.redfin.com/AZ/Phoenix/4626-E-Villa-Rita-Dr-85032/home/28335189,ARMLS,6858050,N,Y,33.6510526,-111.9805822
MLS Listing,,Single Family Residential,8149 N 13th Pl,Phoenix,AZ,85020,699990,4,2.5,VILLAS AT NORTHERN HEIGHTS,2826,4332,2004,1,248,145,Active,,,https://www.redfin.com/AZ/Phoenix/8149-N-13th-Pl-85020/home/28192078,ARMLS,6847834,N,Y,33.556433,-112.054113
MLS Listing,,Single Family Residential,3115 N 34th Pl,Phoenix,AZ,85018,649900,3,2.0,PARK VISTA,1234,6804,1955,1,527,,Active,,,https://www.redfin.com/AZ/Phoenix/3115-N-34th-Pl-85018/home/26902722,ARMLS,6856005,N,Y,33.4848178,-112.0069665
MLS Listing,,Single Family Residential,1836 W Las Palmaritas Dr,Phoenix,AZ,85021,420000,3,1.0,LAS POMARITAS,1324,12057,1934,1,317,,Active,,,https://www.redfin.com/AZ/Phoenix/1836-W-Las-Palmaritas-Dr-85021/home/27448839,ARMLS,6858029,N,Y,33.5573434,-112.0991027
MLS Listing,,Single Family Residential,728 E State Ave,Phoenix,AZ,85020,814900,4,2.0,NORTHWOOD HOMES,2073,8316,1952,1,393,,Active,,,https://www.redfin.com/AZ/Phoenix/728-E-State-Ave-85020/home/28246854,ARMLS,6856655,N,Y,33.5443644,-112.0637738
MLS Listing,,Single Family Residential,3932 E Melinda Dr,Phoenix,AZ,85050,595000,3,2.5,DESERT RIDGE SUPERBLOCK 11 PARCEL 1B,1448,2100,2008,1,411,270,Active,,,https://www.redfin.com/AZ/Phoenix/3932-E-Melinda-Dr-85050/home/27371344,ARMLS,6858020,N,Y,33.6845949,-111.9916276
MLS Listing,,Single Family Residential,5512 E Barwick Dr,Cave Creek,AZ,85331,1400000,4,3.5,MONTEVISTA,4009,13487,2014,1,349,239,Active,,,https://www.redfin.com/AZ/Cave-Creek/5512-E-Barwick-Dr-85331/home/27368516,ARMLS,6856192,N,Y,33.7576898,-111.9623993
MLS Listing,,Single Family Residential,4820 E ST John Rd,Scottsdale,AZ,85254,799000,3,2.5,ARABELLA PARCEL 1,2186,3750,2021,1,366,122,Active,,,https://www.redfin.com/AZ/Scottsdale/4820-E-St-John-Rd-85254/home/173717161,ARMLS,6857755,N,Y,33.6470283,-111.976367
MLS Listing,,Single Family Residential,5046 W Monte Cristo Ave,Glendale,AZ,85306,524900,3,2.0,WINDROSE,1729,8181,1996,1,304,,Active,,,https://www.redfin.com/AZ/Glendale/5046-W-Monte-Cristo-Ave-85306/home/27550909,ARMLS,6857812,N,Y,33.63081,-112.1674824
MLS Listing,,Single Family Residential,1011 E Amberwood Dr,Phoenix,AZ,85048,604000,4,2.0,PARCEL 11-D PHASE 1 AT THE FOOTHILLS,1953,6238,1995,1,309,35,Active,,,https://www.redfin.com/AZ/Phoenix/1011-E-Amberwood-Dr-85048/home/28033802,ARMLS,6857392,N,Y,33.3004695,-112.061878
MLS Listing,,Single Family Residential,2333 E Taxidea Way,Phoenix,AZ,85048,779000,5,3.0,DESERT BLUFFS AT MOUNTAIN PARK RANCH,2582,9631,1992,1,302,35,Active,,,https://www.redfin.com/AZ/Phoenix/2333-E-Taxidea-Way-85048/home/27476599,ARMLS,6855287,N,Y,33.3118421,-112.0324482
MLS Listing,,Single Family Residential,2209 W Adams St,Phoenix,AZ,85009,315000,2,1.0,CAPITOL ADDITION,926,7000,1921,2,340,,Active,,,https://www.redfin.com/AZ/Phoenix/2209-W-Adams-St-85009/home/27683871,ARMLS,6858009,N,Y,33.4488848,-112.1071248
MLS Listing,,Single Family Residential,3049 W Dahlia Dr,Phoenix,AZ,85029,385000,4,2.0,WESTOWN 3,1336,5923,1960,2,288,,Active,,,https://www.redfin.com/AZ/Phoenix/3049-W-Dahlia-Dr-85029/home/27205288,ARMLS,6858006,N,Y,33.602705,-112.1248309
MLS Listing,,Townhouse,3535 W Monte Cristo Ave #129,Phoenix,AZ,85053,298000,2,2.0,COPPER HILLS LOT 101A-142A 101B-160B TR A-G,1213,1399,1985,2,246,343,Active,,,https://www.redfin.com/AZ/Phoenix/3535-W-Monte-Cristo-Ave-85053/unit-129/home/173628958,ARMLS,6858000,N,Y,33.630241,-112.135614
MLS Listing,,Single Family Residential,13629 N 36th St,Phoenix,AZ,85032,580000,3,2.0,PARADISE VALLEY OASIS NO 4,1444,6416,1971,2,402,,Active,,,https://www.redfin.com/AZ/Phoenix/13629-N-36th-St-85032/home/27228596,ARMLS,6857988,N,Y,33.610479,-112.0043551
MLS Listing,,Townhouse,7240 N Dreamy Draw Dr #109,Phoenix,AZ,85020,475000,3,2.5,LEGENDS AT DREAMY DRAW,2208,1694,1998,2,215,345,Active,,,https://www.redfin.com/AZ/Phoenix/7240-N-Dreamy-Draw-Dr-85020/unit-109/home/26925261,ARMLS,6857682,N,Y,33.5438205,-112.0444846
MLS Listing,,Single Family Residential,3319 W Carter Rd,Phoenix,AZ,85041,545000,4,2.5,SANTOLINA AT SOUTH MOUNTAIN PHASE 1,2395,7513,2019,2,228,150,Active,,,https://www.redfin.com/AZ/Phoenix/3319-W-Carter-Rd-85041/home/167209171,ARMLS,6857956,N,Y,33.3818706,-112.1307578
MLS Listing,,Single Family Residential,40741 N Citrus Canyon Trl,Anthem,AZ,85086,539000,5,3.0,Anthem Parkside,2168,5630,2003,2,249,100,Active,,,https://www.redfin.com/AZ/Phoenix/40741-N-Citrus-Canyon-Trl-85086/home/27948735,ARMLS,6857924,N,Y,33.8536794,-112.1135835
MLS Listing,,Single Family Residential,5041 W Beverly Ln,Glendale,AZ,85306,359990,3,2.0,VISTA NORTH 8,1376,8663,1975,2,262,,Active,,,https://www.redfin.com/AZ/Glendale/5041-W-Beverly-Ln-85306/home/27899335,ARMLS,6857921,N,Y,33.632954,-112.1677756
MLS Listing,,Single Family Residential,12 E Foothill Dr,Phoenix,AZ,85020,1000000,4,4.5,SUNLAND,3715,8678,2002,2,269,,Active,May-3-2025 12:00 PM,May-3-2025 01:30 PM,https://www.redfin.com/AZ/Phoenix/12-E-Foothill-Dr-85020/home/27806074,ARMLS,6857909,N,Y,33.5778641,-112.0732117
MLS Listing,,Single Family Residential,1702 W Glenrosa Ave,Phoenix,AZ,85015,675000,4,2.0,EUGENE PLACE,1828,12062,1940,2,369,,Active,,,https://www.redfin.com/AZ/Phoenix/1702-W-Glenrosa-Ave-85015/home/27227680,ARMLS,6856222,N,Y,33.4995087,-112.0958467
MLS Listing,,Single Family Residential,4636 E Carmen St,Phoenix,AZ,85044,549000,4,3.0,MONTANA DEL SUR 1,2030,8307,1984,2,270,,Active,,,https://www.redfin.com/AZ/Phoenix/4636-E-Carmen-St-85044/home/27008276,ARMLS,6856174,N,Y,33.3603004,-111.9787124
MLS Listing,,Townhouse,1808 E Hayward Ave #1,Phoenix,AZ,85020,350000,2,1.5,THE POINTE,976,754,1979,2,359,488,Active,,,https://www.redfin.com/AZ/Phoenix/1808-E-Hayward-Ave-85020/unit-1/home/26878906,ARMLS,6857876,N,Y,33.5502258,-112.0428326
MLS Listing,,Townhouse,17838 N 45th Ave,Glendale,AZ,85308,304000,2,2.0,BELLAIR TOWNHOUSES UNIT 3 LOTS 5145 THRU 5204,1256,2127,1979,2,242,322,Active,,,https://www.redfin.com/AZ/Glendale/17838-N-45th-Ave-85308/home/28314988,ARMLS,6857873,N,Y,33.6485352,-112.1575958
MLS Listing,,Single Family Residential,18129 N 65th Pl,Phoenix,AZ,85054,1275000,3,3.0,PARADISE RIDGE PCD FS6,2547,6169,2018,2,501,153,Active,,,https://www.redfin.com/AZ/Phoenix/18129-N-65th-Pl-85054/home/167635226,ARMLS,6854291,N,Y,33.6515517,-111.9393627
MLS Listing,,Single Family Residential,1511 E Carol Ave,Phoenix,AZ,85020,420000,3,1.0,SAHUARO COVE,1062,5708,1972,2,395,,Active,,,https://www.redfin.com/AZ/Phoenix/1511-E-Carol-Ave-85020/home/27396836,ARMLS,6857852,N,Y,33.5723803,-112.0491799
MLS Listing,,Townhouse,14002 N 49th Ave #1040,Glendale,AZ,85306,289000,3,2.0,PINES,1160,1088,1986,2,249,206,Active,May-3-2025 10:00 AM,May-3-2025 01:00 PM,https://www.redfin.com/AZ/Glendale/14002-N-49th-Ave-85306/unit-1040/home/27010920,ARMLS,6853638,N,Y,33.6124589,-112.1643614
MLS Listing,,Condo/Co-op,1123 E Maryland Ave #4,Phoenix,AZ,85014,252000,1,2.0,SYNCOR CONDOMINIUMS,860,549,1964,2,293,350,Active,,,https://www.redfin.com/AZ/Phoenix/1123-E-Maryland-Ave-85014/unit-4/home/28310566,ARMLS,6857734,N,Y,33.5307191,-112.0570003
MLS Listing,,Townhouse,6207 N 21st Dr,Phoenix,AZ,85015,325000,2,2.0,ORANGEAIRE VILLAS,1251,2283,1974,2,260,254,Active,,,https://www.redfin.com/AZ/Phoenix/6207-N-21st-Dr-85015/home/27687271,ARMLS,6857840,N,Y,33.528214,-112.1042404
MLS Listing,,Condo/Co-op,6125 E Indian School Rd #152,Scottsdale,AZ,85251,277690,1,1.0,SCOTTSDALE CONDOMINIUMS AMD,656,681,1962,2,423,370,Active,,,https://www.redfin.com/AZ/Scottsdale/6125-E-Indian-School-Rd-85251/unit-152/home/27662007,ARMLS,6857654,N,Y,33.488238,-111.94913
MLS Listing,,Single Family Residential,4716 S Fair Ln NW,Tempe,AZ,85282,475000,4,2.0,KNOELL GARDENS AMD,1464,8973,1976,3,324,,Active,,,https://www.redfin.com/AZ/Tempe/4716-S-Fair-Ln-85282/home/26898709,ARMLS,6857829,N,Y,33.3820048,-111.9780179
MLS Listing,,Single Family Residential,2039 N 12th St,Phoenix,AZ,85006,489500,2,1.0,ROYCROFT,924,6882,1956,3,530,,Active,,,https://www.redfin.com/AZ/Phoenix/2039-N-12th-St-85006/home/27514059,ARMLS,6857825,N,Y,33.470901,-112.0561214
MLS Listing,,Single Family Residential,4312 E Mulberry Dr,Phoenix,AZ,85018,899000,3,2.0,DENNIS MANOR,1700,6913,1954,3,529,,Active,,,https://www.redfin.com/AZ/Phoenix/4312-E-Mulberry-Dr-85018/home/26902761,ARMLS,6854524,N,Y,33.487069,-111.9885177
MLS Listing,,Mobile/Manufactured Home,2233 E Behrend Dr #211,Phoenix,AZ,85024,142500,2,2.0,Boulder Ridge,1248,,2007,3,114,,Active,,,https://www.redfin.com/AZ/Phoenix/2233-E-Behrend-Dr-85024/unit-211/home/195538242,ARMLS,6857813,N,Y,33.6655297,-112.0343374
MLS Listing,,Single Family Residential,1550 W Saint Kateri Dr,Phoenix,AZ,85041,480000,3,2.0,ACACIA,1694,6050,2001,3,283,72,Active,,,https://www.redfin.com/AZ/Phoenix/1550-W-Saint-Kateri-Dr-85041/home/28020214,ARMLS,6857809,N,Y,33.385666,-112.0927631
MLS Listing,,Single Family Residential,4406 N 30 Dr,Phoenix,AZ,85017,320000,3,2.0,MISSION MANOR,1500,6303,1952,3,213,,Active,,,https://www.redfin.com/AZ/Phoenix/4406-N-30th-Dr-85017/home/27009697,ARMLS,6857807,N,Y,33.5002656,-112.1248568
MLS Listing,,Condo/Co-op,4114 E Calle Redonda -- #54,Phoenix,AZ,85018,339900,2,1.0,CAMELBACK CASTILLE REPLAT,1041,1010,1966,3,327,362,Active,,,https://www.redfin.com/AZ/Phoenix/4114-E-Calle-Redonda-85018/unit-54/home/27763862,ARMLS,6857806,N,Y,33.5090079,-111.9921363
MLS Listing,,Condo/Co-op,2025 E Campbell Ave #248,Phoenix,AZ,85016,245000,2,1.0,20TH AND CAMPBELL CONDOMINIUMS,951,924,1989,3,258,215,Active,,,https://www.redfin.com/AZ/Phoenix/2025-E-Campbell-Ave-85016/unit-248/home/27360917,ARMLS,6857790,N,Y,33.5014888,-112.0372507
MLS Listing,,Single Family Residential,16201 S 29th Ave,Phoenix,AZ,85045,1100000,3,2.5,FOOTHILLS RESERVE,3233,12360,2006,3,340,112,Active,,,https://www.redfin.com/AZ/Phoenix/16201-S-29th-Ave-85045/home/27708939,ARMLS,6854551,N,Y,33.2989891,-112.1212129
MLS Listing,,Single Family Residential,1410 S 24th Ave,Phoenix,AZ,85009,365000,4,2.0,RAINBOW VISTA,1874,6403,1957,3,195,,Active,,,https://www.redfin.com/AZ/Phoenix/1410-S-24th-Ave-85009/home/27066187,ARMLS,6857770,N,Y,33.4345593,-112.1110136
MLS Listing,,Condo/Co-op,6125 E Indian School Rd #167,Scottsdale,AZ,85251,229000,1,1.0,SCOTTSDALE CONDOMINIUMS AMD,656,672,1962,3,349,370,Active,,,https://www.redfin.com/AZ/Scottsdale/6125-E-Indian-School-Rd-85251/unit-167/home/28343153,ARMLS,6857762,N,Y,33.489462,-111.948594
MLS Listing,,Townhouse,2407 W Rue DE Lamour Ave,Phoenix,AZ,85029,325000,3,2.0,VALLE VENADO UNIT 1 MOD,1270,3143,1979,3,256,252,Active,,,https://www.redfin.com/AZ/Phoenix/2407-W-Rue-de-Lamour-Ave-85029/home/28269326,ARMLS,6857758,N,Y,33.6102175,-112.1109666
MLS Listing,,Mobile/Manufactured Home,36614 N 14th St,Phoenix,AZ,85086,475000,3,2.0,,2241,44036,1999,3,212,,Active,,,https://www.redfin.com/AZ/Phoenix/36614-N-14th-St-85086/home/27293744,ARMLS,6857757,N,Y,33.8176899,-112.0533891
MLS Listing,,Single Family Residential,6101 E Thunderbird Rd,Scottsdale,AZ,85254,925000,4,2.0,SHEA NORTH ESTATES NO. 4,2253,24843,1977,3,411,,Active,,,https://www.redfin.com/AZ/Scottsdale/6101-E-Thunderbird-Rd-85254/home/27627818,ARMLS,6857752,N,Y,33.6110643,-111.949051
MLS Listing,,Townhouse,5102 N 31st Pl #432,Phoenix,AZ,85016,340000,2,1.5,BILTMORE TERRACE CONDOMINIUMS,1224,1207,1981,3,278,762,Active,,,https://www.redfin.com/AZ/Phoenix/5102-N-31st-Pl-85016/unit-432/home/27855042,ARMLS,6857745,N,Y,33.5121766,-112.0168835
MLS Listing,,Single Family Residential,14626 N 40th Way,Phoenix,AZ,85032,486000,3,2.0,FOXDALE AMD LOT 1,1556,9292,1987,3,312,,Active,,,https://www.redfin.com/AZ/Phoenix/14626-N-40th-Way-85032/home/27429234,ARMLS,6857739,N,Y,33.6198778,-111.9943395
MLS Listing,,Single Family Residential,2205 W Gardenia Dr,Phoenix,AZ,85021,419900,3,2.0,NEW CASTLE HOMES 2A,1485,6090,1958,3,283,,Active,,,https://www.redfin.com/AZ/Phoenix/2205-W-Gardenia-Dr-85021/home/27531544,ARMLS,6851381,N,Y,33.54491,-112.1063305
MLS Listing,,Single Family Residential,1202 W Wickieup Ln,Phoenix,AZ,85027,419000,3,2.0,BEACON HILL LOT 191-251 TR A,1632,6875,1986,3,257,,Active,,,https://www.redfin.com/AZ/Phoenix/1202-W-Wickieup-Ln-85027/home/27238025,ARMLS,6857729,N,Y,33.6650172,-112.0867656
MLS Listing,,Townhouse,1023 E Sahuaro Dr,Phoenix,AZ,85020,505000,3,2.0,POINTE TAPATIO 3,1765,6259,1981,3,286,330,Active,,,https://www.redfin.com/AZ/Phoenix/1023-E-Sahuaro-Dr-85020/home/27922037,ARMLS,6857707,N,Y,33.5841118,-112.0594735
MLS Listing,,Single Family Residential,5018 E Kathleen Rd,Scottsdale,AZ,85254,729000,3,2.0,PARADISE MANOR LOT 1-136 TR A-P,1609,4706,1989,3,453,264,Active,,,https://www.redfin.com/AZ/Scottsdale/5018-E-Kathleen-Rd-85254/home/28330811,ARMLS,6857669,N,Y,33.6305281,-111.9723123
MLS Listing,,Single Family Residential,6312 N 41st Ave,Phoenix,AZ,85019,375000,3,2.0,WEST PLAZA 11 LOT 1702-1871,1554,6791,1959,3,241,,Active,,,https://www.redfin.com/AZ/Phoenix/6312-N-41st-Ave-85019/home/27656145,ARMLS,6857660,N,Y,33.5294413,-112.1473761
MLS Listing,,Single Family Residential,1363 E Clarendon Ave,Phoenix,AZ,85014,459000,3,1.5,LONGVIEW ACRES,1487,7240,1948,3,309,,Active,,,https://www.redfin.com/AZ/Phoenix/1363-E-Clarendon-Ave-85014/home/27729295,ARMLS,6857653,N,Y,33.4908769,-112.0523371
MLS Listing,,Single Family Residential,13145 N 21st Ave,Phoenix,AZ,85029,365000,3,2.0,MOON VALLEY GARDENS LOTS 205-280,2164,8135,1962,3,169,,Active,,,https://www.redfin.com/AZ/Phoenix/13145-N-21st-Ave-85029/home/27573591,ARMLS,6852412,N,Y,33.605993,-112.1036856
MLS Listing,,Townhouse,1010 E Lois Ln,Phoenix,AZ,85020,459900,2,2.0,POINTE TAPATIO 4,1608,4191,1982,3,286,336,Active,,,https://www.redfin.com/AZ/Phoenix/1010-E-Lois-Ln-85020/home/27673337,ARMLS,6857640,N,Y,33.5827481,-112.0599825
MLS Listing,,Single Family Residential,4502 W Greenway Rd,Glendale,AZ,85306,800000,5,2.0,SUNBURST FARMS 11,2471,35311,1969,3,324,,Active,,,https://www.redfin.com/AZ/Glendale/4502-W-Greenway-Rd-85306/home/27553378,ARMLS,6857637,N,Y,33.625465,-112.1557593
MLS Listing,,Single Family Residential,12210 N 67th St,Scottsdale,AZ,85254,2500000,4,3.0,DESERT ESTATES 3,3015,46432,2001,3,829,,Active,,,https://www.redfin.com/AZ/Scottsdale/12210-N-67th-St-85254/home/27466331,ARMLS,6857630,N,Y,33.5976654,-111.937566
MLS Listing,,Single Family Residential,3209 W Charleston Ave,Phoenix,AZ,85053,329900,2,1.0,UNION HILLS ESTATES 2,936,6405,1977,3,352,,Active,,,https://www.redfin.com/AZ/Phoenix/3209-W-Charleston-Ave-85053/home/27232282,ARMLS,6857620,N,Y,33.648594,-112.1281412
MLS Listing,,Townhouse,4220 N 32nd St #2,Phoenix,AZ,85018,648000,3,3.0,ARCADIA 32,1487,752,2024,3,436,275,Active,,,https://www.redfin.com/AZ/Phoenix/4220-N-32nd-St-85018/unit-2/home/193539533,ARMLS,6857612,N,Y,33.497878,-112.013326
MLS Listing,,Condo/Co-op,19601 N 7th St #2095,Phoenix,AZ,85024,217000,1,1.0,MOUNTAIN SHADOW LAKE CONDOMINIUM 2,856,496,1985,3,254,218,Active,,,https://www.redfin.com/AZ/Phoenix/19601-N-7th-St-85024/unit-2095/home/28392251,ARMLS,6857606,N,Y,33.6642819,-112.0653376
MLS Listing,,Single Family Residential,24212 N 20th Pl,Phoenix,AZ,85024,845000,4,2.5,HILLSTONE-SOUTH PARCEL 1 AMD,2577,5845,2022,3,328,135,Active,,,https://www.redfin.com/AZ/Phoenix/24212-N-20th-Pl-85024/home/177296328,ARMLS,6857601,N,Y,33.7060141,-112.0399754
MLS Listing,,Single Family Residential,26624 N 41st St,Cave Creek,AZ,85331,850000,4,2.0,TATUM HIGHLANDS PARCEL 1,2105,7475,1998,3,404,45,Active,,,https://www.redfin.com/AZ/Cave-Creek/26624-N-41st-St-85331/home/26952908,ARMLS,6857602,N,Y,33.7275547,-111.9953282
MLS Listing,,Single Family Residential,1224 E Wier Ave,Phoenix,AZ,85040,425000,3,2.0,Phoenix,1499,11135,2003,3,284,,Active,,,https://www.redfin.com/AZ/Phoenix/1224-E-Wier-Ave-85040/home/27103915,ARMLS,6857586,N,Y,33.4036623,-112.0542719
MLS Listing,,Single Family Residential,14009 N 49th Ave,Glendale,AZ,85306,359900,3,2.0,PATIO HOMES NORTH 4,1128,7337,1971,3,319,,Active,,,https://www.redfin.com/AZ/Glendale/14009-N-49th-Ave-85306/home/27654542,ARMLS,6857585,N,Y,33.612565,-112.1635512
MLS Listing,,Single Family Residential,523 W Vista Ave,Phoenix,AZ,85021,2575000,4,4.5,Pyle Estates,4831,19031,2014,3,533,,Active,,,https://www.redfin.com/AZ/Phoenix/523-W-Vista-Ave-85021/home/27588339,ARMLS,6854848,N,Y,33.5458405,-112.0812316
MLS Listing,,Single Family Residential,41715 N River Bend Rd,Phoenix,AZ,85086,1190000,4,3.5,ANTHEM UNIT 26 AMD,4017,13170,2002,3,296,526,Active,,,https://www.redfin.com/AZ/Phoenix/41715-N-River-Bend-Rd-85086/home/27905222,ARMLS,6854163,N,Y,33.8642329,-112.0971195
MLS Listing,,Townhouse,3136 E Cheryl Dr,Phoenix,AZ,85028,625000,2,2.5,ARTISAN DUETTE,1992,2677,2019,3,314,335,Active,,,https://www.redfin.com/AZ/Phoenix/3136-E-Cheryl-Dr-85028/home/167547802,ARMLS,6854619,N,Y,33.5790057,-112.0143872
MLS Listing,,Single Family Residential,1623 W Owens Way,Anthem,AZ,85086,388000,3,2.0,ANTHEM UNIT 32,1264,5200,2005,3,307,526,Active,,,https://www.redfin.com/AZ/Anthem/1623-W-Owens-Way-85086/home/27320330,ARMLS,6857219,N,Y,33.8499499,-112.0947191
MLS Listing,,Single Family Residential,5430 E Shea Blvd,Scottsdale,AZ,85254,2099000,4,4.0,ORANGE TREE ESTATES,3354,34465,1993,3,626,,Active,,,https://www.redfin.com/AZ/Scottsdale/5430-E-Shea-Blvd-85254/home/27464720,ARMLS,6856122,N,Y,33.5831239,-111.9635197
MLS Listing,,Single Family Residential,3006 N Manor Dr W,Phoenix,AZ,85014,3950000,4,5.5,COUNTRY CLUB MANOR LOT 1-8,5674,31520,1935,3,696,42,Active,,,https://www.redfin.com/AZ/Phoenix/3006-N-Manor-Dr-W-85014/home/27227029,ARMLS,6849633,N,Y,33.4827839,-112.0560194
MLS Listing,,Single Family Residential,4815 E Everett Dr,Scottsdale,AZ,85254,724999,4,2.0,Shadowridge 2,1937,10019,1979,3,374,,Active,,,https://www.redfin.com/AZ/Scottsdale/4815-E-Everett-Dr-85254/home/26996140,ARMLS,6856674,N,Y,33.6194212,-111.9770034
MLS Listing,,Single Family Residential,609 E Winter Dr,Phoenix,AZ,85020,875000,3,2.0,CLAREMONT VILLA 2,2155,10080,1959,3,406,,Active,,,https://www.redfin.com/AZ/Phoenix/609-E-Winter-Dr-85020/home/27651908,ARMLS,6856569,N,Y,33.5512088,-112.0664547
MLS Listing,,Multi-Family (2-4 Unit),1046 W Polk St,Phoenix,AZ,85007,900000,,,UNIVERSITY ADDITION,,6250,1986,4,,,Active,,,https://www.redfin.com/AZ/Phoenix/1046-W-Polk-St-85007/home/195524357,ARMLS,6857566,N,Y,33.4536591,-112.088312
MLS Listing,,Single Family Residential,3020 E Mission Ln,Phoenix,AZ,85028,1195000,4,2.0,HERITAGE HEIGHTS UNIT 2 AMD,2572,9196,1971,4,465,100,Active,May-3-2025 01:00 PM,May-3-2025 04:00 PM,https://www.redfin.com/AZ/Phoenix/3020-E-Mission-Ln-85028/home/27215602,ARMLS,6857555,N,Y,33.5709994,-112.016255
MLS Listing,,Condo/Co-op,11640 N Tatum Blvd #1095,Phoenix,AZ,85028,464900,2,2.0,ADERRA CONDOMINIUMS,1147,1158,2007,4,405,430,Active,,,https://www.redfin.com/AZ/Phoenix/11640-N-Tatum-Blvd-85028/unit-1095/home/27238313,ARMLS,6857554,N,Y,33.5934391,-111.980879
MLS Listing,,Condo/Co-op,3236 E Chandler Blvd #3031,Phoenix,AZ,85048,280000,1,1.0,MOUNTAIN CANYON CONDOMINIUM,758,854,1996,4,369,248,Active,,,https://www.redfin.com/AZ/Phoenix/3236-E-Chandler-Blvd-85048/unit-3031/home/28225041,ARMLS,6857545,N,Y,33.3064296,-112.013647
MLS Listing,,Single Family Residential,506 E Balao Dr,Phoenix,AZ,85085,689000,3,2.0,GATEWAY AT SONORAN PRESERVE,1621,6109,2020,4,425,139,Active,,,https://www.redfin.com/AZ/Phoenix/506-E-Balao-Dr-85085/home/147715026,ARMLS,6857536,N,Y,33.7671515,-112.0677538
MLS Listing,,Townhouse,1845 W Citrus Way,Phoenix,AZ,85015,325000,2,2.0,CONTINENTAL VILLAS WEST,1178,3280,1970,4,276,215,Active,,,https://www.redfin.com/AZ/Phoenix/1845-W-Citrus-Way-85015/home/27210385,ARMLS,6857531,N,Y,33.5304212,-112.0992628
MLS Listing,,Single Family Residential,8602 N 27th Ave,Phoenix,AZ,85051,365000,3,3.0,ALTA VISTA 5,1712,8168,1954,4,213,,Active,,,https://www.redfin.com/AZ/Phoenix/8602-N-27th-Ave-85051/home/28427261,ARMLS,6857528,N,Y,33.5624443,-112.1172234
MLS Listing,,Single Family Residential,1402 W Lydia Ln,Phoenix,AZ,85041,399900,3,2.0,VILLAS ESPERANZA,1245,5775,2007,4,321,70,Active,,,https://www.redfin.com/AZ/Phoenix/1402-W-Lydia-Ln-85041/home/28282472,ARMLS,6857513,N,Y,33.3873646,-112.0892454
MLS Listing,,Single Family Residential,768 E Mountain Sky Ave,Phoenix,AZ,85048,885000,6,4.0,FOOTHILLS PARCELS 10C & H LOT 1-117 TR A-G,3432,11082,1993,4,258,34,Active,,,https://www.redfin.com/AZ/Phoenix/768-E-Mountain-Sky-Ave-85048/home/27738965,ARMLS,6857503,N,Y,33.311787,-112.0634808
MLS Listing,,Single Family Residential,5815 N 10th Pl,Phoenix,AZ,85014,1200000,3,2.0,MARLEN GROVE,1820,8215,1950,4,659,,Active,,,https://www.redfin.com/AZ/Phoenix/5815-N-10th-Pl-85014/home/27213854,ARMLS,6857501,N,Y,33.5224562,-112.0594904
MLS Listing,,Townhouse,4531 W Continental Dr,Glendale,AZ,85308,310000,3,2.0,BELLAIR TOWNHOUSES UNIT 1,1143,1701,1975,4,271,322,Active,,,https://www.redfin.com/AZ/Glendale/4531-W-Continental-Dr-85308/home/27879956,ARMLS,6857500,N,Y,33.6425473,-112.1595532
MLS Listing,,Single Family Residential,12202 N 60th St,Scottsdale,AZ,85254,1650000,4,3.0,AVANT 1 UNIT 4,2986,16103,1978,4,553,,Active,,,https://www.redfin.com/AZ/Scottsdale/12202-N-60th-St-85254/home/28364438,ARMLS,6845762,N,Y,33.5972714,-111.9522772
MLS Listing,,Townhouse,4432 E Camelback Rd #120,Phoenix,AZ,85018,1495000,3,3.0,VILLAGE AT CAMELBACK MOUNTAIN,2840,4077,1978,4,526,655,Active,,,https://www.redfin.com/AZ/Phoenix/4432-E-Camelback-Rd-85018/unit-120/home/27219927,ARMLS,6857490,N,Y,33.5120477,-111.9846432
MLS Listing,,Single Family Residential,8108 N Central Ave,Phoenix,AZ,85020,1600000,4,4.5,HARMONT MANOR,3728,33781,1970,4,429,,Active,,,https://www.redfin.com/AZ/Phoenix/8108-N-Central-Ave-85020/home/26970868,ARMLS,6857474,N,Y,33.5551408,-112.0745552
MLS Listing,,Single Family Residential,3042 W Windsong Dr,Phoenix,AZ,85045,1495000,5,4.5,FOOTHILLS 80,4456,23206,2006,4,336,100,Active,,,https://www.redfin.com/AZ/Phoenix/3042-W-Windsong-Dr-85045/home/28014454,ARMLS,6857467,N,Y,33.2945488,-112.1261848
MLS Listing,,Townhouse,3131 E Legacy Dr #2055,Phoenix,AZ,85042,367900,2,2.0,CACHET AT LEGACY CONDOMINIUM,1306,123,2002,4,282,420,Active,,,https://www.redfin.com/AZ/Phoenix/3131-E-Legacy-Dr-85042/unit-2055/home/27279803,ARMLS,6857466,N,Y,33.3838539,-112.0150283
MLS Listing,,Single Family Residential,3643 W Medinah Ct,Anthem,AZ,85086,624900,4,2.5,ANTHEM UNIT 41B,2567,5739,2004,4,243,96,Active,,,https://www.redfin.com/AZ/Anthem/3643-W-Medinah-Ct-85086/home/27779561,ARMLS,6857460,N,Y,33.8597176,-112.1387134
MLS Listing,,Single Family Residential,3136 W Voltaire Ave,Phoenix,AZ,85029,349000,4,2.0,SURREY HEIGHTS 1,1610,6750,1961,4,217,,Active,,,https://www.redfin.com/AZ/Phoenix/3136-W-Voltaire-Ave-85029/home/27706391,ARMLS,6857442,N,Y,33.6092181,-112.1268131
MLS Listing,,Condo/Co-op,2425 W Bronco Butte Trl #2028,Phoenix,AZ,85085,524500,2,2.0,DESERT VILLAGE AT SONORAN FOOTHILLS LOT 1 CONDOMIN,1850,1841,2018,4,284,408,Active,,,https://www.redfin.com/AZ/Phoenix/2425-W-Bronco-Butte-Trl-85085/unit-2028/home/147710277,ARMLS,6857439,N,Y,33.7748947,-112.1099178
MLS Listing,,Single Family Residential,5637 E Lonesome Trl,Cave Creek,AZ,85331,850000,3,2.0,LONE MOUNTAIN,2182,7200,2011,4,390,136,Active,,,https://www.redfin.com/AZ/Cave-Creek/5637-E-Lonesome-Trl-85331/home/27207726,ARMLS,6857436,N,Y,33.779825,-111.9583818
MLS Listing,,Single Family Residential,3730 W Michigan Ave,Glendale,AZ,85308,420000,3,2.5,COURTLAND VILLAGE,1480,6593,1985,4,284,,Active,,,https://www.redfin.com/AZ/Glendale/3730-W-Michigan-Ave-85308/home/27553047,ARMLS,6857405,N,Y,33.6511925,-112.1405556
MLS Listing,,Single Family Residential,4316 E Bighorn Ave,Phoenix,AZ,85044,519000,3,2.5,MOUNTAIN PARK RANCH UNIT 8D LOT 1-109 TR A,2093,4966,1993,4,248,34,Active,,,https://www.redfin.com/AZ/Phoenix/4316-E-Bighorn-Ave-85044/home/27320139,ARMLS,6857398,N,Y,33.3084228,-111.9898578
MLS Listing,,Single Family Residential,3445 W Carriage Dr,Phoenix,AZ,85086,2750000,6,7.0,Custom,6000,217417,2024,4,458,,Active,,,https://www.redfin.com/AZ/Phoenix/3445-W-Carriage-Dr-85086/home/27298142,ARMLS,6857387,N,Y,33.8163988,-112.1342792
MLS Listing,,Single Family Residential,2021 E Caldwell St,Phoenix,AZ,85042,495000,4,2.0,Mountain Cove at South Mountain,1920,6049,2001,4,258,79,Active,,,https://www.redfin.com/AZ/Phoenix/2021-E-Caldwell-St-85042/home/27245291,ARMLS,6850410,N,Y,33.3695978,-112.0384384
MLS Listing,,Townhouse,8008 N Central Ave #10,Phoenix,AZ,85020,499990,3,3.0,8000 NORTH,2196,167,1965,4,228,375,Active,,,https://www.redfin.com/AZ/Phoenix/8008-N-Central-Ave-85020/unit-10/home/28150170,ARMLS,6857379,N,Y,33.5538333,-112.0748257
MLS Listing,,Single Family Residential,3039 E Willetta St,Phoenix,AZ,85008,525000,4,2.0,MCDOWELL HOMES BLK 5-8,1559,9505,1948,4,337,,Active,,,https://www.redfin.com/AZ/Phoenix/3039-E-Willetta-St-85008/home/27918524,ARMLS,6857375,N,Y,33.4637323,-112.0155464
MLS Listing,,Single Family Residential,3010 E Glenrosa Ave,Phoenix,AZ,85016,1499999,4,3.5,SHARONDALE PLAT 3,2659,8124,2022,4,564,,Active,,,https://www.redfin.com/AZ/Phoenix/3010-E-Glenrosa-Ave-85016/home/28329066,ARMLS,6847530,N,Y,33.4990214,-112.0168149
MLS Listing,,Single Family Residential,3108 E San Juan Ave,Phoenix,AZ,85016,1975000,3,3.5,BILTMORE SHORES REPLAT,2649,6129,1987,4,746,802,Active,,,https://www.redfin.com/AZ/Phoenix/3108-E-San-Juan-Ave-85016/home/27475216,ARMLS,6857364,N,Y,33.5185645,-112.0142973
MLS Listing,,Single Family Residential,526 W Kings Ave,Phoenix,AZ,85023,525000,3,2.0,TURTLE CREEK,1618,5724,1987,4,324,77,Active,,,https://www.redfin.com/AZ/Phoenix/526-W-Kings-Ave-85023/home/26990534,ARMLS,6855860,N,Y,33.6357448,-112.0818283
MLS Listing,,Single Family Residential,2946 W Amber Sun Dr,Phoenix,AZ,85085,695000,4,3.0,STONELEDGE AT NORTH CANYON,2547,7866,2017,4,273,102,Active,May-4-2025 11:00 AM,May-4-2025 02:00 PM,https://www.redfin.com/AZ/Phoenix/2946-W-Amber-Sun-Dr-85085/home/95460890,ARMLS,6857324,N,Y,33.7932197,-112.1236405
MLS Listing,,Single Family Residential,3740 E Tonto Ct,Phoenix,AZ,85044,715000,4,3.0,AHWATUKEE HS-1 UNIT 2,2559,10472,1994,4,279,11,Active,,,https://www.redfin.com/AZ/Phoenix/3740-E-Tonto-Ct-85044/home/28194758,ARMLS,6857317,N,Y,33.3314675,-112.0014762
MLS Listing,,Mobile/Manufactured Home,2607 E Phelps Rd,Phoenix,AZ,85032,375000,3,2.0,BELL PARK,1672,7728,2019,4,224,,Active,,,https://www.redfin.com/AZ/Phoenix/2607-E-Phelps-Rd-85032/home/27443862,ARMLS,6857316,N,Y,33.6381917,-112.0260283
MLS Listing,,Single Family Residential,4303 N 18th St,Phoenix,AZ,85016,430000,2,1.0,PETERS VIEW TRACT 2,1320,7828,1946,4,326,,Active,,,https://www.redfin.com/AZ/Phoenix/4303-N-18th-St-85016/home/27611991,ARMLS,6857297,N,Y,33.4986792,-112.0429907
MLS Listing,,Single Family Residential,1012 E Wagon Wheel Dr,Phoenix,AZ,85020,625000,2,2.0,ORANGEWOOD NORTH,1903,5246,1975,4,328,450,Active,,,https://www.redfin.com/AZ/Phoenix/1012-E-Wagon-Wheel-Dr-85020/home/27212694,ARMLS,6857296,N,Y,33.5467954,-112.0602589
MLS Listing,,Townhouse,5729 S 21st Ter,Phoenix,AZ,85040,340000,3,2.0,COPPER LEAF DEVELOPMENT UNIT 3 CONDOMINIUM AMD,1463,806,2004,4,232,173,Active,,,https://www.redfin.com/AZ/Phoenix/5729-S-21st-Ter-85040/home/27380979,ARMLS,6856574,N,Y,33.394227,-112.034686
MLS Listing,,Single Family Residential,1633 W Acoma Dr,Phoenix,AZ,85023,699000,3,2.5,MOON MOUNTAIN VISTAS,2330,6583,1991,4,300,24,Active,,,https://www.redfin.com/AZ/Phoenix/1633-W-Acoma-Dr-85023/home/28030956,ARMLS,6857286,N,Y,33.6176393,-112.0949632
MLS Listing,,Townhouse,1024 E Frye Rd #1090,Phoenix,AZ,85048,455000,3,2.5,STONECLIFFE CONDOMINIUM,1869,4454,1999,4,243,360,Active,,,https://www.redfin.com/AZ/Phoenix/1024-E-Frye-Rd-85048/unit-1090/home/27929748,ARMLS,6857256,N,Y,33.2987343,-112.0610432
MLS Listing,,Single Family Residential,3603 E Salter Dr,Phoenix,AZ,85050,1299900,5,4.5,DESERT RIDGE SUPERBLOCK 11 PARCEL 5,3566,7844,2013,4,365,198,Active,,,https://www.redfin.com/AZ/Phoenix/3603-E-Salter-Dr-85050/home/27208724,ARMLS,6851683,N,Y,33.6826846,-112.0033639
MLS Listing,,Single Family Residential,3330 W Gran Paradiso Dr,Phoenix,AZ,85086,595000,3,2.5,TRAMONTO PARCEL W-14,2151,6790,2012,4,277,175,Active,,,https://www.redfin.com/AZ/Phoenix/3330-W-Gran-Paradiso-Dr-85086/home/28409177,ARMLS,6857251,N,Y,33.8048983,-112.1314945
MLS Listing,,Townhouse,6623 N 44th Ave,Glendale,AZ,85301,234900,4,1.5,WEST PLAZA TOWNHOUSE,1576,1729,1963,4,149,230,Active,,,https://www.redfin.com/AZ/Glendale/6623-N-44th-Ave-85301/home/28071640,ARMLS,6857237,N,Y,33.5335354,-112.1527669
MLS Listing,,Townhouse,5703 N 43rd Ln,Glendale,AZ,85301,219900,3,1.5,VILLA CHARME 5 TOWNHOUSES,1248,2161,1973,4,176,200,Active,,,https://www.redfin.com/AZ/Glendale/5703-N-43rd-Ln-85301/home/27513527,ARMLS,6857235,N,Y,33.5205551,-112.1527498
MLS Listing,,Single Family Residential,3228 W Mercer Ln,Phoenix,AZ,85029,389000,3,2.0,PATIO HERMOSO,1586,7741,1972,4,245,17,Active,,,https://www.redfin.com/AZ/Phoenix/3228-W-Mercer-Ln-85029/home/27010249,ARMLS,6857221,N,Y,33.5854979,-112.1279071
MLS Listing,,Townhouse,3840 N 43rd Ave #16,Phoenix,AZ,85031,119900,2,1.5,EL SERENO,980,476,1975,4,122,340,Active,,,https://www.redfin.com/AZ/Phoenix/3840-N-43rd-Ave-85031/unit-16/home/193896335,ARMLS,6857223,N,Y,33.49301,-112.1540054
MLS Listing,,Single Family Residential,1617 W Vineyard Rd,Phoenix,AZ,85041,285000,2,1.0,VISTA GRANDE UNIT 4,840,6120,1972,4,339,,Active,,,https://www.redfin.com/AZ/Phoenix/1617-W-Vineyard-Rd-85041/home/169451094,ARMLS,6857218,N,Y,33.3848128,-112.0934435
MLS Listing,,Single Family Residential,11416 N Bancroft Dr,Phoenix,AZ,85028,815000,4,2.5,CHOLLA MOUNTAIN ESTATES AMD,2781,15007,1993,4,293,,Active,April-29-2025 08:00 AM,April-29-2025 07:00 PM,https://www.redfin.com/AZ/Phoenix/11416-N-Bancroft-Dr-85028/home/27622587,ARMLS,6857211,N,Y,33.5903142,-112.0293653
MLS Listing,,Single Family Residential,4735 W Crivello Ave,Laveen,AZ,85339,934999,4,3.0,Metes & Bounds,3564,43628,2007,4,262,,Active,,,https://www.redfin.com/AZ/Laveen/4735-W-Crivello-Ave-85339/home/27327195,ARMLS,6857210,N,Y,33.335353,-112.161754
MLS Listing,,Townhouse,10445 N 11th Pl #3,Phoenix,AZ,85020,305000,2,1.5,POINTE TAPATIO 2,1060,791,1985,4,288,466,Active,,,https://www.redfin.com/AZ/Phoenix/10445-N-11th-Pl-85020/unit-3/home/27335901,ARMLS,6857207,N,Y,33.5820875,-112.0567788
MLS Listing,,Condo/Co-op,5302 E Van Buren St #2015,Phoenix,AZ,85008,240000,1,1.0,BELAFLORA CONDOMINIUMS,688,672,2002,4,349,235,Active,,,https://www.redfin.com/AZ/Phoenix/5302-E-Van-Buren-St-85008/unit-2015/home/27087789,ARMLS,6857199,N,Y,33.4519676,-111.9656267
MLS Listing,,Single Family Residential,5111 E Cortez Dr,Scottsdale,AZ,85254,995000,4,3.5,EAGLES EYRE 2,3511,17918,1978,4,283,,Active,May-3-2025 11:00 AM,May-3-2025 04:00 PM,https://www.redfin.com/AZ/Scottsdale/5111-E-Cortez-Dr-85254/home/28014533,ARMLS,6857192,N,Y,33.5914873,-111.9700647
MLS Listing,,Single Family Residential,2227 E Mobile Ln,Phoenix,AZ,85040,350000,4,1.75,SHERATON PARK 1,1810,6826,1965,4,193,,Active,,,https://www.redfin.com/AZ/Phoenix/2227-E-Mobile-Ln-85040/home/27750383,ARMLS,6857197,N,Y,33.4017748,-112.0328867
MLS Listing,,Single Family Residential,1546 W Culver St,Phoenix,AZ,85007,850000,3,3.0,FQ STORY ADDITION PLAT E,1529,7070,1936,4,556,,Active,,,https://www.redfin.com/AZ/Phoenix/1546-W-Culver-St-85007/home/27028237,ARMLS,6857171,N,Y,33.4629748,-112.0932706
MLS Listing,,Townhouse,2845 E Tracy Ln #4,Phoenix,AZ,85032,255000,2,1.0,PARADISE MOUNTAIN SHADOWS,780,1621,1984,4,327,245,Active,,,https://www.redfin.com/AZ/Phoenix/2845-E-Tracy-Ln-85032/unit-4/home/190581435,ARMLS,6857170,N,Y,33.6292483,-112.0205067
MLS Listing,,Single Family Residential,40715 N Lytham Ct,Phoenix,AZ,85086,1360000,4,3.5,ANTHEM UNIT 38,2793,8308,2004,4,487,526,Active,,,https://www.redfin.com/AZ/Phoenix/40715-N-Lytham-Ct-85086/home/28058680,ARMLS,6857143,N,Y,33.8552858,-112.0913767
MLS Listing,,Single Family Residential,1721 W South Fork Dr,Phoenix,AZ,85045,715000,4,2.75,PARCEL 16C UNIT 2 AT FOOTHILLS CLUB WEST,2602,6103,1996,4,275,42,Active,,,https://www.redfin.com/AZ/Phoenix/1721-W-South-Fork-Dr-85045/home/27571625,ARMLS,6857136,N,Y,33.3030676,-112.0961215
MLS Listing,,Single Family Residential,2242 E Palm Ln,Phoenix,AZ,85006,949000,3,2.5,VEL RU HEIGHTS,3006,13778,2011,4,316,,Active,,,https://www.redfin.com/AZ/Phoenix/2242-E-Palm-Ln-85006/home/28159121,ARMLS,6857120,N,Y,33.4695852,-112.0328089
MLS Listing,,Single Family Residential,15629 N 63rd Pl,Scottsdale,AZ,85254,725000,3,2.0,SUNSET RIDGE,1587,6702,1983,4,457,,Active,,,https://www.redfin.com/AZ/Scottsdale/15629-N-63rd-Pl-85254/home/27946754,ARMLS,6857118,N,Y,33.6284205,-111.9441228
MLS Listing,,Townhouse,4433 E Wood St,Phoenix,AZ,85040,185000,2,1.5,HALLCRAFT VILLAS EAST 5,924,814,1973,4,200,290,Active,,,https://www.redfin.com/AZ/Phoenix/4433-E-Wood-St-85040/home/28204634,ARMLS,6857111,N,Y,33.4083126,-111.9855793
MLS Listing,,Condo/Co-op,3633 N 3rd Ave #2061,Phoenix,AZ,85013,412500,3,2.0,3RD AVENUE PALMS CONDOMINIUMS,1252,742,1999,4,329,291,Active,,,https://www.redfin.com/AZ/Phoenix/3633-N-3rd-Ave-85013/unit-2061/home/28375657,ARMLS,6857116,N,Y,33.490181,-112.077607
MLS Listing,,Single Family Residential,18025 N 65th Pl,Phoenix,AZ,85054,1100000,4,3.0,PARADISE RIDGE,2292,6402,2019,4,480,153,Active,,,https://www.redfin.com/AZ/Phoenix/18025-N-65th-Pl-85054/home/167635234,ARMLS,6857112,N,Y,33.650325,-111.9399826
MLS Listing,,Single Family Residential,40816 N Harbour Town Way,Anthem,AZ,85086,749500,3,3.0,ANTHEM UNIT 24,2182,8050,2003,4,343,526,Active,,,https://www.redfin.com/AZ/Anthem/40816-N-Harbour-Town-Way-85086/home/28247167,ARMLS,6844176,N,Y,33.8555075,-112.1032696
MLS Listing,,Single Family Residential,702 W Mountain Sky Ave,Phoenix,AZ,85045,749900,4,3.0,FOOTHILLS CLUB,2600,8285,1993,4,288,42,Active,,,https://www.redfin.com/AZ/Phoenix/702-W-Mountain-Sky-Ave-85045/home/27306975,ARMLS,6857104,N,Y,33.304113,-112.0841285
MLS Listing,,Single Family Residential,3826 W Davidson Ln,Phoenix,AZ,85051,390000,3,2.0,PARKWOOD SUBDIVISION UNIT NO. 4,1494,7619,1968,4,261,,Active,,,https://www.redfin.com/AZ/Phoenix/3826-W-Davidson-Ln-85051/home/27405346,ARMLS,6857102,N,Y,33.5701609,-112.1419493
MLS Listing,,Condo/Co-op,1006 E Osborn Rd Unit B,Phoenix,AZ,85014,199900,1,1.0,LE CONTINENTAL,605,630,1969,4,330,374,Active,,,https://www.redfin.com/AZ/Phoenix/1006-E-Osborn-Rd-85014/unit-B/home/27368638,ARMLS,6857096,N,Y,33.4878118,-112.0609362
MLS Listing,,Single Family Residential,11039 N 42nd St,Phoenix,AZ,85028,1500000,4,2.5,PARADISE VALLEY PALMS UNIT 5 AMD,2186,17992,2023,4,686,,Active,,,https://www.redfin.com/AZ/Phoenix/11039-N-42nd-St-85028/home/27218495,ARMLS,6857071,N,Y,33.5877533,-111.9906476
MLS Listing,,Condo/Co-op,2989 N 44th St #3044,Phoenix,AZ,85018,525000,2,2.0,ARCADIA GROVE CONDOMINIUM,1399,1502,2005,4,375,605,Active,,,https://www.redfin.com/AZ/Phoenix/2989-N-44th-St-85018/unit-3044/home/28141981,ARMLS,6857062,N,Y,33.4818106,-111.9863575
MLS Listing,,Single Family Residential,30026 N 47th St,Cave Creek,AZ,85331,1095000,4,2.0,DESERT FAIRWAYS AT TATUM RANCH UNIT 2,2563,9832,1992,4,427,33,Active,,,https://www.redfin.com/AZ/Cave-Creek/30026-N-47th-St-85331/home/27568748,ARMLS,6857051,N,Y,33.7586731,-111.9816825
MLS Listing,,Single Family Residential,10310 N 37th St,Phoenix,AZ,85028,3900000,5,3.5,PARADISE FOOTHILLS,4043,48879,2021,4,965,,Active,,,https://www.redfin.com/AZ/Phoenix/10310-N-37th-St-85028/home/146076974,ARMLS,6857045,N,Y,33.5800371,-112.0028777
MLS Listing,,Single Family Residential,8014 S 56th Ave,Laveen,AZ,85339,350000,2,1.0,GREENS OUTER LIMITS,616,35231,1986,4,568,,Active,,,https://www.redfin.com/AZ/Laveen/8014-S-56th-Ave-85339/home/27257284,ARMLS,6857035,N,Y,33.3731937,-112.1798491
MLS Listing,,Single Family Residential,3027 W Wescott Dr,Phoenix,AZ,85027,900000,3,2.0,RIDGEWOOD ACRES,2353,17865,1979,4,382,,Active,,,https://www.redfin.com/AZ/Phoenix/3027-W-Wescott-Dr-85027/home/26880200,ARMLS,6856392,N,Y,33.6580983,-112.124883
MLS Listing,,Single Family Residential,3913 W Krall St,Phoenix,AZ,85019,439900,3,2.0,"WEST PLAZA 12 LOT 2212-2356, TR A",1676,7850,1960,4,262,,Active,,,https://www.redfin.com/AZ/Phoenix/3913-W-Krall-St-85019/home/26987174,ARMLS,6857030,N,Y,33.5339047,-112.1435948
MLS Listing,,Mobile/Manufactured Home,7200 N 43rd Ave #82,Glendale,AZ,85301,79913,2,2.0,Royal Glen Mobile Home Community,896,,1988,4,89,,Active,,,https://www.redfin.com/AZ/Glendale/7200-N-43rd-Ave-85301/unit-82/home/195511145,ARMLS,6857027,N,Y,33.5426899,-112.1528075
MLS Listing,,Single Family Residential,1701 W Clarendon Ave,Phoenix,AZ,85015,430000,2,1.0,CARLETON ESTATES,860,9431,1944,4,500,,Active,,,https://www.redfin.com/AZ/Phoenix/1701-W-Clarendon-Ave-85015/home/27657349,ARMLS,6857010,N,Y,33.491145,-112.0959367
MLS Listing,,Single Family Residential,2037 W Wood Dr,Phoenix,AZ,85029,399995,3,2.0,MOON VALLEY GARDENS LOTS 205-280,1648,7229,1961,4,243,,Active,,,https://www.redfin.com/AZ/Phoenix/2037-W-Wood-Dr-85029/home/193004371,ARMLS,6857008,N,Y,33.604111,-112.1030278
MLS Listing,,Vacant Land,9935 N 16th Pl E #69,Phoenix,AZ,85020,299999,,,OCOTILLO HILLS 3,,22612,,4,,,Active,,,https://www.redfin.com/AZ/Phoenix/9935-N-16th-St-85020/unit-69/home/192527077,ARMLS,6857004,N,Y,33.577812,-112.047623
MLS Listing,,Multi-Family (2-4 Unit),602 S 17th Ave,Phoenix,AZ,85007,850000,,,Phoenix,,17270,1947,4,,,Active,,,https://www.redfin.com/AZ/Phoenix/602-S-17th-Ave-85007/home/28321675,ARMLS,6856997,N,Y,33.4421418,-112.0962729
MLS Listing,,Single Family Residential,2031 N 28th Pl,Phoenix,AZ,85008,450000,3,2.0,SANDIGE SQUARE,1533,7745,1968,4,294,,Active,,,https://www.redfin.com/AZ/Phoenix/2031-N-28th-Pl-85008/home/27320827,ARMLS,6831755,N,Y,33.470598,-112.0202429
MLS Listing,,Single Family Residential,1644 W Thunderbird Rd,Phoenix,AZ,85023,569900,4,2.0,MOON VALLEY GARDENS 2,2120,8833,1973,4,269,,Active,,,https://www.redfin.com/AZ/Phoenix/1644-W-Thunderbird-Rd-85023/home/27014190,ARMLS,6856994,N,Y,33.6105004,-112.0933188
MLS Listing,,Single Family Residential,9221 N Camino Vista Ln,Phoenix,AZ,85028,889900,3,2.0,HERITAGE HEIGHTS UNIT 1,1920,11623,1971,4,463,100,Active,April-29-2025 02:00 PM,April-29-2025 04:30 PM,https://www.redfin.com/AZ/Phoenix/9221-N-Camino-Vista-Ln-85028/home/28329042,ARMLS,6856984,N,Y,33.5715047,-112.0148671
MLS Listing,,Single Family Residential,3029 E Elm St,Phoenix,AZ,85016,1435000,4,4.0,SHARONDALE PLAT 2,2778,7850,1954,4,517,,Active,,,https://www.redfin.com/AZ/Phoenix/3029-E-Elm-St-85016/home/27215370,ARMLS,6856979,N,Y,33.5069208,-112.0161063
MLS Listing,,Single Family Residential,1617 E Fremont Rd,Phoenix,AZ,85042,495000,4,2.0,MOUNTAIN VIEW ESTATES UNIT 4,2220,8424,1998,4,223,,Active,,,https://www.redfin.com/AZ/Phoenix/1617-E-Fremont-Rd-85042/home/27288978,ARMLS,6846923,N,Y,33.3808707,-112.0464847
MLS Listing,,Single Family Residential,16716 S 32nd Ln,Phoenix,AZ,85045,3749600,5,7.0,FOOTHILLS 80,6880,42364,2007,4,545,100,Active,,,https://www.redfin.com/AZ/Phoenix/16716-S-32nd-Ln-85045/home/28010463,ARMLS,6855963,N,Y,33.2949263,-112.1298997
MLS Listing,,Single Family Residential,1805 W Dusty Wren Dr,Phoenix,AZ,85085,860000,4,2.5,SONORAN FOOTHILLS PARCEL 19,2912,10910,2006,4,295,221,Active,,,https://www.redfin.com/AZ/Phoenix/1805-W-Dusty-Wren-Dr-85085/home/27285231,ARMLS,6856968,N,Y,33.7792868,-112.0976531
MLS Listing,,Single Family Residential,3130 W Berkeley Rd,Phoenix,AZ,85009,275000,2,1.0,NORTHWEST HOMESITES 2 BLKS 15-19,920,6181,1949,4,299,,Active,,,https://www.redfin.com/AZ/Phoenix/3130-W-Berkeley-Rd-85009/home/27849944,ARMLS,6856964,N,Y,33.4690734,-112.1271865
MLS Listing,,Townhouse,610 E Montebello Ave #46,Phoenix,AZ,85012,340000,2,1.5,PALO VERDE ESTATES,1199,1005,1973,4,284,400,Active,,,https://www.redfin.com/AZ/Phoenix/610-E-Montebello-Ave-85012/unit-46/home/146212555,ARMLS,6856962,N,Y,33.5208709,-112.0663137
MLS Listing,,Single Family Residential,6111 N 8th St,Phoenix,AZ,85014,825000,3,2.5,BETHANY ESTATES (59/53),1944,6469,1954,4,424,,Active,,,https://www.redfin.com/AZ/Phoenix/6111-N-8th-St-85014/home/27214423,ARMLS,6855264,N,Y,33.5255885,-112.063261
MLS Listing,,Single Family Residential,1527 E Sunnyslope Ln,Phoenix,AZ,85020,550000,4,2.0,HIGH POINT PARK,1640,7800,1952,4,335,,Active,,,https://www.redfin.com/AZ/Phoenix/1527-E-Sunnyslope-Ln-85020/home/26969263,ARMLS,6856943,N,Y,33.570169,-112.0489188
MLS Listing,,Single Family Residential,38018 N 23rd Ave,Phoenix,AZ,85086,630000,3,2.0,Rural,1356,43626,2001,4,465,,Active,,,https://www.redfin.com/AZ/Phoenix/38018-N-23rd-Ave-85086/home/27318004,ARMLS,6856931,N,Y,33.8301395,-112.1107987
MLS Listing,,Single Family Residential,3235 W Jefferson St,Phoenix,AZ,85009,199000,3,2.0,WORMSERS ADDITION BLOCK 1,1416,8240,1963,4,141,,Active,,,https://www.redfin.com/AZ/Phoenix/3235-W-Jefferson-St-85009/home/27682228,ARMLS,6856929,N,Y,33.4465307,-112.1296776
MLS Listing,,Single Family Residential,4216 N 20th St,Phoenix,AZ,85016,739950,4,2.0,PETERS VIEW TRACT 3,2103,7623,1947,4,352,,Active,,,https://www.redfin.com/AZ/Phoenix/4216-N-20th-St-85016/home/27395925,ARMLS,6856928,N,Y,33.4979033,-112.0391997
MLS Listing,,Single Family Residential,3131 E Las Rocas Dr,Phoenix,AZ,85028,625000,4,2.0,HERITAGE HEIGHTS UNIT 3,2560,10088,1972,4,244,100,Active,,,https://www.redfin.com/AZ/Phoenix/3131-E-Las-Rocas-Dr-85028/home/27216032,ARMLS,6856927,N,Y,33.5682744,-112.0143527
MLS Listing,,Townhouse,6500 E Camelback Rd #1010,Scottsdale,AZ,85251,2590000,3,3.5,LUXIAN VILLAS ON CAMELBACK CONDOMINIUM,3030,1506,2020,4,855,690,Active,,,https://www.redfin.com/AZ/Scottsdale/6500-E-Camelback-Rd-85251/unit-1010/home/170037728,ARMLS,6855584,N,Y,33.502767,-111.941177
MLS Listing,,Single Family Residential,14241 N 56th Pl,Scottsdale,AZ,85254,975000,4,2.0,56TH STREET & ACOMA,1812,13192,1989,4,538,,Active,May-3-2025 10:00 AM,May-3-2025 01:00 PM,https://www.redfin.com/AZ/Scottsdale/14241-N-56th-Pl-85254/home/27622624,ARMLS,6846579,N,Y,33.6166604,-111.9594918
MLS Listing,,Single Family Residential,2418 W White Feather Ln,Phoenix,AZ,85085,570000,4,2.5,DYNAMITE MOUNTAIN RANCH SECTION A,2240,5184,2002,4,254,52,Active,,,https://www.redfin.com/AZ/Phoenix/2418-W-White-Feather-Ln-85085/home/27079376,ARMLS,6852299,N,Y,33.7394829,-112.1110779
MLS Listing,,Single Family Residential,506 W Sandra Ter,Phoenix,AZ,85023,598230,3,2.5,TURTLE CREEK,2070,6070,1986,4,289,67,Active,,,https://www.redfin.com/AZ/Phoenix/506-W-Sandra-Ter-85023/home/27742569,ARMLS,6854000,N,Y,33.6343592,-112.0810393
MLS Listing,,Single Family Residential,5129 W Windrose Dr,Glendale,AZ,85304,455000,4,3.0,THUNDERBIRD PALMS 1 LOT 1-315,1778,7935,1980,4,256,,Active,,,https://www.redfin.com/AZ/Glendale/5129-W-Windrose-Dr-85304/home/27647988,ARMLS,6855459,N,Y,33.6010827,-112.1704506
MLS Listing,,Single Family Residential,1885 W Dion Dr,Phoenix,AZ,85086,649999,3,2.0,ANTHEM UNIT 30,2080,5986,2004,4,312,526,Active,,,https://www.redfin.com/AZ/Phoenix/1885-W-Dion-Dr-85086/home/27345225,ARMLS,6856879,N,Y,33.8546586,-112.0992653
MLS Listing,,Condo/Co-op,3302 N 7th St #344,Phoenix,AZ,85014,335000,2,2.0,Brick Commons Condominium,1178,1178,1999,4,284,401,Active,,,https://www.redfin.com/AZ/Phoenix/3302-N-7th-St-85014/unit-344/home/27342310,ARMLS,6856914,N,Y,33.4863113,-112.0667451
MLS Listing,,Single Family Residential,537 E Balao Dr,Phoenix,AZ,85085,785000,3,2.0,GATEWAY AT SONORAN PRESERVE,1773,7241,2019,4,443,139,Active,,,https://www.redfin.com/AZ/Phoenix/537-E-Balao-Dr-85085/home/147804833,ARMLS,6853547,N,Y,33.7664425,-112.0667096
MLS Listing,,Single Family Residential,5518 W Campbell Ave,Phoenix,AZ,85031,340000,3,1.75,Maryvale,1244,6216,1957,4,273,,Active,,,https://www.redfin.com/AZ/Phoenix/5518-W-Campbell-Ave-85031/home/28341192,ARMLS,6842401,N,Y,33.5024442,-112.1787518
MLS Listing,,Single Family Residential,7813 N 17th Dr,Phoenix,AZ,85021,610000,3,2.0,NORTHERN STAR,1457,8179,1954,4,419,,Active,,,https://www.redfin.com/AZ/Phoenix/7813-N-17th-Dr-85021/home/27620442,ARMLS,6853665,N,Y,33.5518404,-112.0969098
MLS Listing,,Single Family Residential,28216 N 44th Pl,Cave Creek,AZ,85331,1150000,6,4.5,ESTATES AT 44TH STREET,3900,7200,2016,4,295,129,Active,,,https://www.redfin.com/AZ/Cave-Creek/28216-N-44th-Pl-85331/home/108243701,ARMLS,6856129,N,Y,33.7418355,-111.9865111
MLS Listing,,Single Family Residential,4107 W Campo Bello Dr,Glendale,AZ,85308,475000,3,2.0,DESERT PINES,2263,10096,1980,4,210,,Active,,,https://www.redfin.com/AZ/Glendale/4107-W-Campo-Bello-Dr-85308/home/27623439,ARMLS,6856916,N,Y,33.6434614,-112.1476619
MLS Listing,,Single Family Residential,4706 E Rancho Caliente Dr,Cave Creek,AZ,85331,849000,4,3.0,TATUM RANCH PARCEL 1UNIT 1,2600,25349,1991,4,327,73,Active,,,https://www.redfin.com/AZ/Cave-Creek/4706-E-Rancho-Caliente-Dr-85331/home/26870051,ARMLS,6855658,N,Y,33.7671122,-111.9796193
MLS Listing,,Single Family Residential,3641 E Los Gatos Dr,Phoenix,AZ,85050,1350000,4,3.5,VILLAGE 10 AT AVIANO,3487,8377,2006,4,387,267,Active,,,https://www.redfin.com/AZ/Phoenix/3641-E-Los-Gatos-Dr-85050/home/28255299,ARMLS,6856247,N,Y,33.6871123,-112.0021949
MLS Listing,,Single Family Residential,18845 N 23rd Pl,Phoenix,AZ,85024,515000,3,2.0,DAVE BROWN MOUNTAIN SIDE RANCH,1635,4553,1993,4,315,,Active,,,https://www.redfin.com/AZ/Phoenix/18845-N-23rd-Pl-85024/home/27703858,ARMLS,6856917,N,Y,33.6584575,-112.0312968
MLS Listing,,Single Family Residential,4112 W Monte Cristo Ave,Phoenix,AZ,85053,850000,4,2.0,SUNBURST FARMS 18,1997,37458,1972,4,426,,Active,,,https://www.redfin.com/AZ/Phoenix/4112-W-Monte-Cristo-Ave-85053/home/27577418,ARMLS,6855858,N,Y,33.630817,-112.1474181
MLS Listing,,Single Family Residential,2908 E Pinchot Ave,Phoenix,AZ,85016,599900,2,2.0,EASTWOOD PARK,1479,7392,1951,4,406,,Active,,,https://www.redfin.com/AZ/Phoenix/2908-E-Pinchot-Ave-85016/home/27760239,ARMLS,6854479,N,Y,33.4828009,-112.0190285
MLS Listing,,Single Family Residential,830 E Orchid Ln,Phoenix,AZ,85020,425000,3,1.75,SKYLINE VISTA 4,1092,6062,1957,4,389,,Active,,,https://www.redfin.com/AZ/Phoenix/830-E-Orchid-Ln-85020/home/28319221,ARMLS,6854849,N,Y,33.5621183,-112.0626165
MLS Listing,,Single Family Residential,8042 N 28th Ave,Phoenix,AZ,85051,350000,3,2.0,ALTA VISTA 1,1767,6007,1951,4,198,,Active,,,https://www.redfin.com/AZ/Phoenix/8042-N-28th-Ave-85051/home/28127868,ARMLS,6856120,N,Y,33.5545969,-112.1197623
MLS Listing,,Single Family Residential,7111 S 21st Dr,Phoenix,AZ,85041,450000,4,2.0,ENCLAVE,2009,7031,2005,4,224,37,Active,,,https://www.redfin.com/AZ/Phoenix/7111-S-21st-Dr-85041/home/28136462,ARMLS,6856104,N,Y,33.3822332,-112.1037568
MLS Listing,,Single Family Residential,3736 W Angela Dr,Glendale,AZ,85308,485000,3,2.0,WOODRIDGE UNIT 2,1674,8918,1977,4,290,,Active,,,https://www.redfin.com/AZ/Glendale/3736-W-Angela-Dr-85308/home/27398631,ARMLS,6856105,N,Y,33.6461305,-112.1403467
MLS Listing,,Single Family Residential,4418 E Paradise Ln,Phoenix,AZ,85032,749900,4,2.0,SUMMIT RIDGE,2080,10137,1980,4,361,,Active,,,https://www.redfin.com/AZ/Phoenix/4418-E-Paradise-Ln-85032/home/27770830,ARMLS,6856838,N,Y,33.6352336,-111.9855561
MLS Listing,,Single Family Residential,2039 W Ronald Rd,Phoenix,AZ,85029,339000,3,2.0,MOUNTAIN VIEW ESTATES LOT 1-49 TR A-G,1191,3264,1992,4,285,40,Active,,,https://www.redfin.com/AZ/Phoenix/2039-W-Ronald-Rd-85029/home/27671213,ARMLS,6853029,N,Y,33.5992298,-112.1031168
MLS Listing,,Single Family Residential,2727 W Libby St,Phoenix,AZ,85053,399999,3,2.0,KNOELL NORTH 9-4,1505,7277,1978,4,266,,Active,,,https://www.redfin.com/AZ/Phoenix/2727-W-Libby-St-85053/home/28102003,ARMLS,6856140,N,Y,33.6481098,-112.1184204
MLS Listing,,Single Family Residential,5320 E Thomas Rd,Phoenix,AZ,85018,885000,4,3.0,SHERWOOD TOWNE LOTS 1-8 41-46,2071,9156,1954,5,427,,Active,,,https://www.redfin.com/AZ/Phoenix/5320-E-Thomas-Rd-85018/home/28048460,ARMLS,6856907,N,Y,33.4804158,-111.966459
MLS Listing,,Single Family Residential,1616 W Burgess Ln,Phoenix,AZ,85041,360000,3,2.0,SOUTHGATE,1298,5500,2003,5,277,90,Active,,,https://www.redfin.com/AZ/Phoenix/1616-W-Burgess-Ln-85041/home/27910056,ARMLS,6856906,N,Y,33.3905285,-112.0933969
MLS Listing,,Single Family Residential,4901 W Corrine Dr,Glendale,AZ,85304,409900,3,2.0,PARKWOOD SUBDIVISION UNIT NO 8 LOT 1 THROUGH 62 &,1370,8203,1977,5,299,,Active,,,https://www.redfin.com/AZ/Glendale/4901-W-Corrine-Dr-85304/home/27601293,ARMLS,6856904,N,Y,33.5999919,-112.164456
MLS Listing,,Single Family Residential,4535 E Navigator Ln,Phoenix,AZ,85050,850000,3,2.0,DESERT RIDGE SUPERBLOCK 7 NORTH PARCEL 2,1981,5175,2016,5,429,248,Active,,,https://www.redfin.com/AZ/Phoenix/4535-E-Navigator-Ln-85050/home/109116945,ARMLS,6856897,N,Y,33.697088,-111.9725771
MLS Listing,,Townhouse,1146 E Rovey Ave,Phoenix,AZ,85014,315000,2,2.0,RIVIERA GARDENS,1008,1577,1973,5,313,160,Active,,,https://www.redfin.com/AZ/Phoenix/1146-E-Rovey-Ave-85014/home/27889087,ARMLS,6856881,N,Y,33.525141,-112.056726
MLS Listing,,Townhouse,12445 N 21st Ave #4,Phoenix,AZ,85029,265000,2,1.5,LARKSPUR GARDENS,1080,449,1981,5,245,264,Active,,,https://www.redfin.com/AZ/Phoenix/12445-N-21st-Ave-85029/unit-4/home/27556180,ARMLS,6856878,N,Y,33.5999242,-112.1023508
MLS Listing,,Single Family Residential,4546 N 27th Ave,Phoenix,AZ,85017,270000,4,2.0,NORTHWEST VILLAGE 1,1552,6277,1950,5,174,,Active,,,https://www.redfin.com/AZ/Phoenix/4546-N-27th-Ave-85017/home/26925664,ARMLS,6856875,N,Y,33.504101,-112.1174179
MLS Listing,,Single Family Residential,3836 W Desert Cove Ave,Phoenix,AZ,85029,430000,5,3.0,SUNSET NORTH UNIT 2,2350,10675,1970,5,183,,Active,,,https://www.redfin.com/AZ/Phoenix/3836-W-Desert-Cove-Ave-85029/home/27283574,ARMLS,6856871,N,Y,33.5854023,-112.141993
MLS Listing,,Single Family Residential,19413 N 8th St,Phoenix,AZ,85024,399900,2,1.0,COUNTRY PLACE,1020,7359,1983,5,392,,Active,,,https://www.redfin.com/AZ/Phoenix/19413-N-8th-St-85024/home/28013948,ARMLS,6856860,N,Y,33.6627133,-112.0628888
MLS Listing,,Single Family Residential,4111 N 52nd St,Phoenix,AZ,85018,2795000,4,3.5,ARCADIAN TERRACE,3450,15603,1980,5,810,,Active,,,https://www.redfin.com/AZ/Phoenix/4111-N-52nd-St-85018/home/28151955,ARMLS,6856853,N,Y,33.4940076,-111.9703936
MLS Listing,,Single Family Residential,3722 W Michelle Dr,Glendale,AZ,85308,450000,4,2.0,KNOELL NORTH UNIT 10,1631,7912,1979,5,276,,Active,,,https://www.redfin.com/AZ/Glendale/3722-W-Michelle-Dr-85308/home/28175996,ARMLS,6856847,N,Y,33.6497642,-112.140353
MLS Listing,,Multi-Family (2-4 Unit),2017 N 8th St,Phoenix,AZ,85006,470000,4,2.0,LOS OLIVOS HEIGHTS,,6783,1953,5,,,Active,,,https://www.redfin.com/AZ/Phoenix/2017-N-8th-St-85006/home/27513618,ARMLS,6856843,N,Y,33.4700548,-112.0637027
MLS Listing,,Single Family Residential,5090 E Sleepy Ranch Rd,Cave Creek,AZ,85331,775000,3,2.0,COLINA DEL NORTE,2291,10425,2000,5,338,105,Active,,,https://www.redfin.com/AZ/Cave-Creek/5090-E-Sleepy-Ranch-Rd-85331/home/27773537,ARMLS,6856835,N,Y,33.780413,-111.9710788
MLS Listing,,Single Family Residential,325 E Sharon Ave,Phoenix,AZ,85022,665000,4,2.0,GOLDEN CREST 2,2034,13139,1972,5,327,24,Active,,,https://www.redfin.com/AZ/Phoenix/325-E-Sharon-Ave-85022/home/27517009,ARMLS,6856833,N,Y,33.6103795,-112.0678001
MLS Listing,,Single Family Residential,1015 W Encanto Blvd,Phoenix,AZ,85007,3275000,4,3.0,Encanto,4425,16644,1934,5,740,,Active,,,https://www.redfin.com/AZ/Phoenix/1015-W-Encanto-Blvd-85007/home/27698620,ARMLS,6856822,N,Y,33.4723333,-112.0863854
MLS Listing,,Multi-Family (2-4 Unit),4020 S 15th St,Phoenix,AZ,85040,900000,10,8.0,NORMAN ACRES,,,2007,5,,,Active,,,https://www.redfin.com/AZ/Phoenix/4020-S-15th-St-85040/home/28119952,ARMLS,6856194,N,Y,33.4094779,-112.0494779
MLS Listing,,Single Family Residential,6643 N 7th Dr N,Phoenix,AZ,85013,959000,3,2.0,SHADY WOODLAND,2641,9579,1960,5,363,,Active,,,https://www.redfin.com/AZ/Phoenix/6643-N-7th-Dr-85013/home/28410552,ARMLS,6856809,N,Y,33.5345325,-112.0832401
MLS Listing,,Single Family Residential,2462 W Turtle Hill Dr,Anthem,AZ,85086,565000,2,2.0,ANTHEM COUNTRY CLUB UNIT 11 PASATIEMPO AMD,1400,6638,2000,5,404,526,Active,,,https://www.redfin.com/AZ/Anthem/2462-W-Turtle-Hill-Dr-85086/home/27758553,ARMLS,6856806,N,Y,33.8612394,-112.1129831
MLS Listing,,Single Family Residential,542 E Flynn Ln,Phoenix,AZ,85012,629500,3,2.0,FLYN GROVES,1440,7514,1949,5,437,,Active,,,https://www.redfin.com/AZ/Phoenix/542-E-Flynn-Ln-85012/home/28084377,ARMLS,6856798,N,Y,33.5370852,-112.0655918
MLS Listing,,Single Family Residential,2614 W Fawn Dr,Phoenix,AZ,85041,399000,3,2.0,SILVA MOUNTAIN UNIT 1,1529,5225,2007,5,261,100,Active,,,https://www.redfin.com/AZ/Phoenix/2614-W-Fawn-Dr-85041/home/28356390,ARMLS,6856791,N,Y,33.3755231,-112.1156009
MLS Listing,,Single Family Residential,4118 W Fallen Leaf Ln,Glendale,AZ,85310,489000,3,2.5,UPLAND HILLS,1816,6339,1991,5,269,,Active,,,https://www.redfin.com/AZ/Glendale/4118-W-Fallen-Leaf-Ln-85310/home/27003578,ARMLS,6856793,N,Y,33.7116671,-112.149274
MLS Listing,,Single Family Residential,1811 E Tierra Buena Ln,Phoenix,AZ,85022,690000,3,2.0,SUNSET HILLS 1,1929,10208,1994,5,358,,Active,,,https://www.redfin.com/AZ/Phoenix/1811-E-Tierra-Buena-Ln-85022/home/27619203,ARMLS,6856785,N,Y,33.62943,-112.0426415
MLS Listing,,Single Family Residential,7310 N 3rd Ave,Phoenix,AZ,85021,1300000,4,3.0,NORTH CENTRAL VILLA 21-41,2624,14231,1960,5,495,,Active,,,https://www.redfin.com/AZ/Phoenix/7310-N-3rd-Ave-85021/home/27213079,ARMLS,6854961,N,Y,33.5432987,-112.0783737
MLS Listing,,Townhouse,4525 N 66th St #85,Scottsdale,AZ,85251,349900,2,2.0,CASA DEL MONTE PHASE 3 AMD,1575,197,1979,5,222,740,Active,,,https://www.redfin.com/AZ/Scottsdale/4525-N-66th-St-85251/unit-85/home/27538518,ARMLS,6856776,N,Y,33.5035554,-111.9387461
MLS Listing,,Single Family Residential,9851 N 28th Way,Phoenix,AZ,85028,799990,4,2.0,PARADISE VALLEY OASIS 1-A,2712,11947,1961,5,295,,Active,,,https://www.redfin.com/AZ/Phoenix/9851-N-28th-Way-85028/home/28119340,ARMLS,6856771,N,Y,33.5769504,-112.0199575
MLS Listing,,Mobile/Manufactured Home,1537 E Hartford Ave,Phoenix,AZ,85022,178500,2,2.0,BELL CASAS MOBILE HOME ESTATES,1536,7114,1972,5,116,45,Active,,,https://www.redfin.com/AZ/Phoenix/1537-E-Hartford-Ave-85022/home/28186792,ARMLS,6856769,N,Y,33.6430724,-112.0489633
MLS Listing,,Condo/Co-op,20660 N 40th St #1118,Phoenix,AZ,85050,415000,2,2.0,LA VERNE CONDOMINIUMS REPLAT,1304,1245,2004,5,318,360,Active,,,https://www.redfin.com/AZ/Phoenix/20660-N-40th-St-85050/unit-1118/home/27203514,ARMLS,6856764,N,Y,33.6743963,-111.9982726
MLS Listing,,Condo/Co-op,357 E Thomas Rd Unit A112,Phoenix,AZ,85012,159999,1,1.0,WINDSOR PLACE,754,645,1960,5,212,497,Active,,,https://www.redfin.com/AZ/Phoenix/357-E-Thomas-Rd-85012/unit-A112/home/27570955,ARMLS,6856757,N,Y,33.4797725,-112.0676754
MLS Listing,,Condo/Co-op,6565 N 19th Ave #27,Phoenix,AZ,85015,219000,2,1.5,6565 NORTH 19TH AVENUE OF TAHITIAN VILLAGE CONDIMI,1152,538,1963,5,190,212,Active,,,https://www.redfin.com/AZ/Phoenix/6565-N-19th-Ave-85015/unit-27/home/27440387,ARMLS,6856753,N,Y,33.5336025,-112.0987358
MLS Listing,,Single Family Residential,4420 E Amberwood Dr,Phoenix,AZ,85048,499900,3,2.0,PECOS NORTH LOT 1-168 TR A-D,1508,4500,1992,5,331,130,Active,,,https://www.redfin.com/AZ/Phoenix/4420-E-Amberwood-Dr-85048/home/26936211,ARMLS,6856718,N,Y,33.2999145,-111.9881774
MLS Listing,,Single Family Residential,3041 E Osborn Rd,Phoenix,AZ,85016,445000,3,2.0,Mountain View Park,1340,7806,1951,5,332,,Active,,,https://www.redfin.com/AZ/Phoenix/3041-E-Osborn-Rd-85016/home/27680086,ARMLS,6856717,N,Y,33.4875636,-112.0154296
MLS Listing,,Single Family Residential,3443 W Saint Anne Ave,Phoenix,AZ,85041,460000,3,2.5,Southern Views,2677,5448,2007,5,172,64,Active,,,https://www.redfin.com/AZ/Phoenix/3443-W-Saint-Anne-Ave-85041/home/28366333,ARMLS,6856716,N,Y,33.3866654,-112.1330572
MLS Listing,,Single Family Residential,11051 N 45th Pl,Phoenix,AZ,85028,799999,3,2.5,DESERT GARDENS,2285,12663,1974,5,350,135,Active,,,https://www.redfin.com/AZ/Phoenix/11051-N-45th-Pl-85028/home/26975962,ARMLS,6856695,N,Y,33.5878851,-111.9846274
MLS Listing,,Condo/Co-op,10401 N 52nd St #210,Paradise Valley,AZ,85253,400000,2,2.0,MARBEYA CONDOMINIUMS,1054,625,1995,5,380,340,Active,,,https://www.redfin.com/AZ/Paradise-Valley/10401-N-52nd-St-85253/unit-210/home/28000421,ARMLS,6856693,N,Y,33.5807229,-111.9687839
MLS Listing,,Single Family Residential,6421 S 23rd Dr,Phoenix,AZ,85041,425900,4,2.0,ANDERSON FARMS,1906,1906,2003,5,223,50,Active,,,https://www.redfin.com/AZ/Phoenix/6421-S-23rd-Dr-85041/home/27671034,ARMLS,6856688,N,Y,33.3875642,-112.1084541
MLS Listing,,Single Family Residential,2716 E Fairmount Ave,Phoenix,AZ,85016,635000,3,2.0,NORTH HAVEN,1221,7423,1947,5,520,,Active,,,https://www.redfin.com/AZ/Phoenix/2716-E-Fairmount-Ave-85016/home/28288785,ARMLS,6850191,N,Y,33.4934058,-112.0229846
MLS Listing,,Vacant Land,918 E Dunlap Ave Unit -,Phoenix,AZ,85020,150000,,,Phoenix,,15409,,5,,,Active,,,https://www.redfin.com/AZ/Phoenix/918-E-Dunlap-Ave-85020/home/27212755,ARMLS,6856678,N,Y,33.567992,-112.0611004
MLS Listing,,Condo/Co-op,29606 N Tatum Blvd #174,Cave Creek,AZ,85331,282000,1,1.0,TERRA VISTA AT TATUM RANCH CONDOMINIUMS,742,701,1999,5,380,268,Active,,,https://www.redfin.com/AZ/Cave-Creek/29606-N-Tatum-Blvd-85331/unit-174/home/26886115,ARMLS,6856669,N,Y,33.7514479,-111.9889819
MLS Listing,,Condo/Co-op,4554 E Paradise Village Pkwy #267,Phoenix,AZ,85032,315000,2,2.0,PARADISE PARK CONDOMINIUMS PHASE 2,1000,99,1980,5,315,315,Active,,,https://www.redfin.com/AZ/Phoenix/4554-E-Paradise-Village-Pkwy-N-85032/unit-267/home/27469169,ARMLS,6856666,N,Y,33.605957,-111.983169
MLS Listing,,Single Family Residential,8708 S 50th Ln,Laveen,AZ,85339,405000,4,2.5,Cheatham Farms,1943,4950,2004,5,208,72,Active,,,https://www.redfin.com/AZ/Laveen/8708-S-50th-Ln-85339/home/28021195,ARMLS,6844357,N,Y,33.367129,-112.1684737
MLS Listing,,Single Family Residential,156 W Mohawk Dr,Phoenix,AZ,85027,379000,3,2.0,ROSE GARDEN LANE,1350,4280,1994,5,281,33,Active,,,https://www.redfin.com/AZ/Phoenix/156-W-Mohawk-Dr-85027/home/27868426,ARMLS,6849566,N,Y,33.6748942,-112.0769633
MLS Listing,,Single Family Residential,1144 E Diamond St,Phoenix,AZ,85006,430000,2,2.0,DIAMOND HEIGHTS,1082,4000,1916,5,397,,Active,,,https://www.redfin.com/AZ/Phoenix/1144-E-Diamond-St-85006/home/27247245,ARMLS,6856646,N,Y,33.4594948,-112.0571017
MLS Listing,,Single Family Residential,3806 N 14th Pl,Phoenix,AZ,85014,789000,4,3.0,Sterling Tract,2191,7039,2019,5,360,,Active,,,https://www.redfin.com/AZ/Phoenix/3806-N-14th-Pl-85014/home/167220390,ARMLS,6856621,N,Y,33.4912935,-112.0506691
MLS Listing,,Single Family Residential,15215 S 20th Pl,Phoenix,AZ,85048,999000,5,3.5,"LOT 89 MOUNTAIN PARK RANCH UNIT 35G-2 PHASE 2 44-119 A, B MCR 345-47",3887,8481,1992,5,257,35,Active,,,https://www.redfin.com/AZ/Phoenix/15215-S-20th-Pl-85048/home/27377447,ARMLS,6856611,N,Y,33.3087339,-112.0397708
MLS Listing,,Single Family Residential,520 E Townley Ave,Phoenix,AZ,85020,399999,4,2.0,Metes and Bounds,1514,7405,2005,5,264,,Active,,,https://www.redfin.com/AZ/Phoenix/520-E-Townley-Ave-85020/home/28096662,ARMLS,6856088,N,Y,33.5661711,-112.0671337
MLS Listing,,Single Family Residential,10240 N 34th Pl,Phoenix,AZ,85028,1150000,5,3.0,KNOLL VIEW ESTATES,2693,10472,1970,5,427,,Active,,,https://www.redfin.com/AZ/Phoenix/10240-N-34th-Pl-85028/home/27434388,ARMLS,6856579,N,Y,33.5805344,-112.0085168
MLS Listing,,Single Family Residential,3371 W Grandview Rd,Phoenix,AZ,85053,629000,4,3.0,RANCHO ENCANTO UNIT 4,2450,10144,1979,5,257,,Active,,,https://www.redfin.com/AZ/Phoenix/3371-W-Grandview-Rd-85053/home/27010863,ARMLS,6856562,N,Y,33.632624,-112.1306269
MLS Listing,,Single Family Residential,4346 E Prickly Pear Trl,Phoenix,AZ,85050,695000,4,2.0,TATUM HIGHLANDS PARCEL 19,2151,6812,1996,5,323,41,Active,,,https://www.redfin.com/AZ/Phoenix/4346-E-Prickly-Pear-Trl-85050/home/27489374,ARMLS,6856527,N,Y,33.7217762,-111.9903953
MLS Listing,,Single Family Residential,35616 N 34th Ln,Phoenix,AZ,85086,615000,4,2.0,TRAMONTO PARCEL W-4,2423,6875,2004,5,254,64,Active,,,https://www.redfin.com/AZ/Phoenix/35616-N-34th-Ln-85086/home/27441332,ARMLS,6856517,N,Y,33.8082548,-112.1348136
MLS Listing,,Single Family Residential,5635 W Pecan Rd,Laveen,AZ,85339,475000,4,3.0,RIVERWALK VILLAGES PHASE 3 REPLAT,1996,8181,2014,5,238,190,Active,,,https://www.redfin.com/AZ/Laveen/5635-W-Pecan-Rd-85339/home/56264248,ARMLS,6856390,N,Y,33.3949093,-112.1806344
MLS Listing,,Single Family Residential,1817 W Seldon Ln,Phoenix,AZ,85021,649000,4,2.0,ROYAL OAKS UNIT 3,2021,11034,1971,5,321,,Active,,,https://www.redfin.com/AZ/Phoenix/1817-W-Seldon-Ln-85021/home/27544211,ARMLS,6856509,N,Y,33.5617457,-112.0980795
MLS Listing,,Single Family Residential,4029 W Grandview Rd,Phoenix,AZ,85053,500000,3,2.0,BRANDYWYNE 5,2522,8029,1985,5,198,,Active,,,https://www.redfin.com/AZ/Phoenix/4029-W-Grandview-Rd-85053/home/27474386,ARMLS,6850251,N,Y,33.6344851,-112.1456397
MLS Listing,,Single Family Residential,1919 W Plum Rd,Phoenix,AZ,85085,699000,4,3.0,Fireside at Norterra,2033,7145,2020,5,344,165,Active,,,https://www.redfin.com/AZ/Phoenix/1919-W-Plum-Rd-85085/home/172991136,ARMLS,6856458,N,Y,33.73728,-112.1002899
MLS Listing,,Single Family Residential,47 Spur Cir,Scottsdale,AZ,85251,1299900,3,2.0,ZEL ESTATES,2000,7889,1969,5,650,290,Active,,,https://www.redfin.com/AZ/Scottsdale/47-Spur-Cir-85251/home/27923398,ARMLS,6856447,N,Y,33.4897623,-111.9499436
MLS Listing,,Single Family Residential,9241 S 50th St,Phoenix,AZ,85044,650000,4,4.0,POINTE SOUTH MOUNTAIN UNIT 9 LOT 1889-1949 A-F,2554,5528,1991,5,255,191,Active,,,https://www.redfin.com/AZ/Phoenix/9241-S-50th-St-85044/home/27567909,ARMLS,6856449,N,Y,33.3626407,-111.9731401
MLS Listing,,Single Family Residential,2534 N 10th St,Phoenix,AZ,85006,515000,2,1.0,FOWLER TRACT LOTS 97-173,946,6800,1925,5,544,,Active,,,https://www.redfin.com/AZ/Phoenix/2534-N-10th-St-85006/home/27624043,ARMLS,6856445,N,Y,33.4760477,-112.0609296
MLS Listing,,Condo/Co-op,3131 W Cochise Dr #218,Phoenix,AZ,85051,189000,2,2.0,POINTS WEST CONDOMINIUM,922,919,1983,5,205,305,Active,,,https://www.redfin.com/AZ/Phoenix/3131-W-Cochise-Dr-85051/unit-218/home/28172627,ARMLS,6856442,N,Y,33.5802953,-112.1281057
MLS Listing,,Condo/Co-op,3830 E Lakewood Pkwy E #1007,Phoenix,AZ,85048,255000,1,1.0,Portofino Condominium,693,764,1995,5,368,328,Active,,,https://www.redfin.com/AZ/Phoenix/3830-E-Lakewood-Pkwy-E-85048/unit-1007/home/28185909,ARMLS,6856414,N,Y,33.3030176,-112.0007264
MLS Listing,,Single Family Residential,3019 W Trail Dr,Phoenix,AZ,85086,995000,3,2.5,Mountain Views w No HOA,2564,43567,2002,5,388,,Active,,,https://www.redfin.com/AZ/Phoenix/3019-W-Trail-Dr-85086/home/27104825,ARMLS,6856434,N,Y,33.8140968,-112.1247355
MLS Listing,,Single Family Residential,2401 W Ellis St,Phoenix,AZ,85041,455000,4,2.0,COPPER CREEK,2095,7416,2003,5,217,55,Active,,,https://www.redfin.com/AZ/Phoenix/2401-W-Ellis-St-85041/home/27929008,ARMLS,6856433,N,Y,33.3791817,-112.1102553
MLS Listing,,Townhouse,3820 N 30th St,Phoenix,AZ,85016,419500,3,2.5,Villa Seville Townhouses,1496,2230,1966,5,280,407,Active,,,https://www.redfin.com/AZ/Phoenix/3820-N-30th-St-85016/home/27664520,ARMLS,6848029,N,Y,33.4923856,-112.0175224
MLS Listing,,Single Family Residential,1713 W Calle Marita --,Phoenix,AZ,85085,1200000,4,2.5,SONORAN FOOTHILLS,3465,11892,2006,5,346,250,Active,,,https://www.redfin.com/AZ/Phoenix/1713-W-Calle-Marita-85085/home/28221207,ARMLS,6856425,N,Y,33.7710054,-112.0985206
MLS Listing,,Single Family Residential,3616 E Fairmount Ave,Phoenix,AZ,85018,649900,3,1.75,SUNCREST ESTATES 2 LOT 78-89,1400,8647,1952,5,464,,Active,,,https://www.redfin.com/AZ/Phoenix/3616-E-Fairmount-Ave-85018/home/26902502,ARMLS,6856403,N,Y,33.4929267,-112.0034357
MLS Listing,,Single Family Residential,7303 S 22nd Ave,Phoenix,AZ,85041,390000,3,2.0,ADDISON PARK,1392,5175,2021,5,280,115,Active,,,https://www.redfin.com/AZ/Phoenix/7303-S-22nd-Ave-85041/home/172962715,ARMLS,6856407,N,Y,33.3803129,-112.1055062
MLS Listing,,Single Family Residential,15020 S 25th St,Phoenix,AZ,85048,895000,5,3.0,VINTAGE HILLS LOT 44-101,2660,9651,1991,5,336,35,Active,,,https://www.redfin.com/AZ/Phoenix/15020-S-25th-St-85048/home/27714800,ARMLS,6856408,N,Y,33.3101201,-112.0312122
MLS Listing,,Single Family Residential,17424 N 1st Ave,Phoenix,AZ,85023,499990,3,2.0,BELLVUE,1627,5787,1994,5,307,27,Active,,,https://www.redfin.com/AZ/Phoenix/17424-N-1st-Ave-85023/home/28393669,ARMLS,6856395,N,Y,33.6448129,-112.0750111
MLS Listing,,Single Family Residential,1431 W Mountain Sky Ave,Phoenix,AZ,85045,649000,4,3.0,PARCEL 16B AT FOOTHILLS CLUB WEST,2329,5994,1993,5,279,46,Active,,,https://www.redfin.com/AZ/Phoenix/1431-W-Mountain-Sky-Ave-85045/home/27886602,ARMLS,6848501,N,Y,33.3034253,-112.0917807
MLS Listing,,Single Family Residential,7204 S Golfside Ln,Phoenix,AZ,85042,520000,4,3.0,ENCANTO AT THE LEGACY,1841,4000,2000,5,282,88,Active,,,https://www.redfin.com/AZ/Phoenix/7204-S-Golfside-Ln-85042/home/27294709,ARMLS,6856371,N,Y,33.3817869,-112.0175768
MLS Listing,,Townhouse,3935 E Rough Rider Rd #1183,Phoenix,AZ,85050,449449,1,1.5,Villages at Aviano Condominium,1490,74,2007,5,302,461,Active,,,https://www.redfin.com/AZ/Phoenix/3935-E-Rough-Rider-Rd-85050/unit-1183/home/28356144,ARMLS,6856365,N,Y,33.6874994,-111.9902846
MLS Listing,,Mobile/Manufactured Home,404 W Galvin St,Phoenix,AZ,85086,699950,5,3.0,Horse Property,2817,49005,2000,5,248,,Active,,,https://www.redfin.com/AZ/Phoenix/404-W-Galvin-St-85086/home/27013995,ARMLS,6836675,N,Y,33.8067161,-112.0797713
MLS Listing,,Single Family Residential,6843 S 46th Dr,Laveen,AZ,85339,437500,3,2.0,ROGERS RANCH PARCEL 8,1704,5500,2007,5,257,42,Active,,,https://www.redfin.com/AZ/Laveen/6843-S-46th-Dr-85339/home/28248665,ARMLS,6856348,N,Y,33.3838814,-112.1582206
MLS Listing,,Single Family Residential,2935 W Kristal Way,Phoenix,AZ,85027,644900,3,2.0,Ridgewood Acres,2649,15776,1979,5,243,,Active,,,https://www.redfin.com/AZ/Phoenix/2935-W-Kristal-Way-85027/home/27838435,ARMLS,6856340,N,Y,33.6611575,-112.1230007
MLS Listing,,Single Family Residential,5610 N 38th Dr,Phoenix,AZ,85019,424900,4,2.0,COUNTRY LIFE HOMES UNIT 3,1454,6194,1957,5,292,,Active,,,https://www.redfin.com/AZ/Phoenix/5610-N-38th-Dr-85019/home/27933162,ARMLS,6856327,N,Y,33.5183355,-112.1422069
MLS Listing,,Single Family Residential,4214 E Morrow Dr,Phoenix,AZ,85050,675000,3,2.0,Paradise Valley Landings,2039,7986,1989,5,331,,Active,,,https://www.redfin.com/AZ/Phoenix/4214-E-Morrow-Dr-85050/home/28246845,ARMLS,6856319,N,Y,33.6577527,-111.9911649
MLS Listing,,Single Family Residential,2425 W Woburn Ln,Phoenix,AZ,85085,875000,5,3.5,AMBER HILLS,4464,8940,2004,5,196,125,Active,,,https://www.redfin.com/AZ/Phoenix/2425-W-Woburn-Ln-85085/home/27648108,ARMLS,6856308,N,Y,33.7925995,-112.1127833
MLS Listing,,Condo/Co-op,5450 E Deer Valley Dr #1195,Phoenix,AZ,85054,499000,2,2.0,TOSCANA VACATION SUITES CONDOMINIUM,1392,1376,2014,5,358,583,Active,May-3-2025 09:30 AM,May-3-2025 12:00 PM,https://www.redfin.com/AZ/Phoenix/5450-E-Deer-Valley-Dr-85054/unit-1195/home/95461543,ARMLS,6856294,N,Y,33.6783173,-111.96168
MLS Listing,,Single Family Residential,2323 W Kachina Trl,Phoenix,AZ,85041,549999,4,3.5,SOUTHERN HIGHLANDS AMD,2719,8326,2010,5,202,92,Active,,,https://www.redfin.com/AZ/Phoenix/2323-W-Kachina-Trl-85041/home/27346463,ARMLS,6856281,N,Y,33.3569594,-112.1101844
MLS Listing,,Townhouse,5100 E Rancho Paloma Dr #2065,Cave Creek,AZ,85331,699000,2,2.0,RANCHO NORTH CONDOS,1990,1858,2019,5,351,309,Active,,,https://www.redfin.com/AZ/Cave-Creek/5100-E-Rancho-Paloma-Dr-85331/unit-2065/home/167615948,ARMLS,6856280,N,Y,33.7825771,-111.9710252
MLS Listing,,Condo/Co-op,4808 N 24th St #1003,Phoenix,AZ,85016,724900,2,2.0,OPTIMA BILTMORE TOWERS CONDOMINIUM 2ND AMD,1356,1344,2006,5,535,1056,Active,,,https://www.redfin.com/AZ/Phoenix/4808-N-24th-St-85016/unit-1003/home/28180328,ARMLS,6856274,N,Y,33.5080808,-112.0308682
MLS Listing,,Single Family Residential,4637 W Misty Willow Ln,Glendale,AZ,85310,1050000,4,3.5,SADDLE RANCH ESTATES UNIT 2,3567,16942,1993,5,294,,Active,,,https://www.redfin.com/AZ/Glendale/4637-W-Misty-Willow-Ln-85310/home/27847807,ARMLS,6856270,N,Y,33.7040492,-112.1596522
